return_id,order_id,return_date,return_reason,return_status,refund_amount,return_shipping_cost,restocking_cost
RET00001,ORD000003,2025-12-01,changed mind,Approved,3775.77,75,185.63
RET00002,ORD000007,2025-12-17,Damaged,Approved,29773.37,150,2349.67
RET00003,ORD000022,2025-08-14,Changed Mind,Approved,9294.55,85,715.01
RET00004,ORD000023,2025-11-29,Wrong Item,Approved,78736.04,165,2025.91
RET00005,ORD000039,2025-11-20,Damaged,Approved,23451.49,105,1621.89
RET00006,ORD000041,2025-08-31,Late Delivery,Approved,1794.28,105,79.08
RET00007,ORD000052,2025-08-09,Size/Fit,Approved,1565.28,130,12.99
RET00008,ORD000061,2025-07-13,Late Delivery,Approved,2289.68,50,26.36
RET00009,ORD000085,2025-01-31,Changed Mind,Approved,6595.49,100,339.89
RET00010,ORD000102,2025-08-05,Wrong Item,Approved,465.47,150,31.67
RET00011,ORD000113,2025-09-15,Wrong Item,Approved,65292.24,150,4196.96
RET00012,ORD000115,2025-05-15,Wrong Item,Approved,5195.14,70,359.25
RET00013,ORD000120,2025-03-24,Damaged,Approved,11640.58,90,905.67
RET00014,ORD000125,2025-10-04,Changed Mind,Approved,19744.98,60,506.41
RET00015,ORD000137,2025-12-23,Late Delivery,Approved,12556.88,60,100.25
RET00016,ORD000143,2025-08-28,Changed Mind,Approved,24749.89,55,696.26
RET00017,ORD000156,2025-12-26,Late Delivery,Approved,40326.16,160,3045.86
RET00018,ORD000158,2025-07-09,Changed Mind,Approved,1033.27,90,58.93
RET00019,ORD000177,2025-02-28,Size/Fit,Approved,417.46,85,25.67
RET00020,ORD000209,2025-08-02,Changed Mind,Approved,4045.03,110,119.25
RET00021,ORD000238,2025-07-10,Changed Mind,Approved,13410.97,60,941.01
RET00022,ORD000244,2025-12-25,Wrong Item,Approved,3603.29,60,205.95
RET00023,ORD000259,2025-04-14,Not as Expected,Approved,4581.62,150,248.17
RET00024,ORD000277,2025-04-03,Not as Expected,Approved,841.36,100,66.79
RET00025,ORD000280,2025-11-25,Wrong Item,Approved,20086.92,105,410.22
RET00026,ORD000303,2025-04-07,Size/Fit,Approved,4085.53,145,7.56
RET00027,ORD000314,2025-04-12,Changed Mind,Approved,3306.19,115,209.55
RET00028,ORD000323,2025-05-26,Not as Expected,Approved,5166.11,160,21.25
RET00029,ORD000374,2025-07-16,Wrong Item,Approved,5196.14,150,46.62
RET00030,ORD000375,2025-04-20,Not as Expected,Approved,4607.03,60,287.51
RET00031,ORD000403,2025-04-13,Damaged,Approved,1210.27,130,87.01
RET00032,ORD000406,2025-09-05,Not as Expected,Approved,5489.1,160,133.1
RET00033,ORD000415,2025-07-26,Size/Fit,Approved,3620.31,170,270.13
RET00034,ORD000424,2025-12-19,Changed Mind,Approved,899.22,75,24.96
RET00035,ORD000430,2025-05-03,Not as Expected,Approved,4901.29,80,88.93
RET00036,ORD000437,2025-07-13,Late Delivery,Approved,5758.42,105,35.26
RET00037,ORD000441,2025-05-15,Not as Expected,Approved,8830.77,105,127.42
RET00038,ORD000463,2025-05-02,Not as Expected,Approved,9306.6,170,607.85
RET00039,ORD000468,2025-03-03,Size/Fit,Approved,4926.34,70,146.33
RET00040,ORD000487,2025-06-27,Not as Expected,Approved,9631.98,140,135.59
RET00041,ORD000504,2025-12-01,Not as Expected,Approved,12089.94,130,310.21
RET00042,ORD000521,2025-11-18,Changed Mind,Approved,1153.57,100,80.98
RET00043,ORD000535,2025-10-28,Size/Fit,Approved,4159.96,100,53.02
RET00044,ORD000537,2025-05-06,Size/Fit,Approved,10423.34,125,77.62
RET00045,ORD000539,2025-08-03,Damaged,Approved,15764.66,145,754.22
RET00046,ORD000540,2025-07-07,Damaged,Approved,41446.87,140,1504.07
RET00047,ORD000556,2025-01-21,Size/Fit,Approved,9522.77,65,212.77
RET00048,ORD000564,2025-04-19,Size/Fit,Approved,12405.92,125,399.13
RET00049,ORD000580,2025-09-03,Size/Fit,Approved,6061.24,125,445.56
RET00050,ORD000601,2025-12-29,Not as Expected,Approved,13385.29,150,487.22
RET00051,ORD000605,2025-02-14,Not as Expected,Approved,25299.12,160,555.3
RET00052,ORD000607,2025-01-26,Size/Fit,Approved,1887.31,130,27.69
RET00053,ORD000609,2025-01-21,Size/Fit,Approved,3491.91,90,247.67
RET00054,ORD000610,2025-11-16,Late Delivery,Approved,17657.39,65,1108.83
RET00055,ORD000645,2025-06-14,Not as Expected,Approved,1382.74,65,92.39
RET00056,ORD000650,2025-05-20,Damaged,Approved,12993.83,95,192.08
RET00057,ORD000653,2026-01-09,Damaged,Approved,1509.08,175,5.1
RET00058,ORD000655,2025-05-15,Wrong Item,Approved,14976.02,125,471.03
RET00059,ORD000659,2025-06-09,Size/Fit,Approved,495.5,95,26.65
RET00060,ORD000668,2025-03-28,Not as Expected,Approved,5425.13,110,358.04
RET00061,ORD000669,2025-04-06,Changed Mind,Approved,4712.46,45,103.09
RET00062,ORD000676,2025-08-28,Late Delivery,Approved,1774.93,120,9.24
RET00063,ORD000705,2025-02-17,Late Delivery,Approved,2914.18,170,42
RET00064,ORD000716,2025-02-22,Changed Mind,Approved,10521.69,140,137.32
RET00065,ORD000726,2025-06-17,Wrong Item,Approved,4510.21,80,256.16
RET00066,ORD000750,2025-06-11,Not as Expected,Approved,7945.49,120,409.05
RET00067,ORD000769,2025-05-01,Size/Fit,Approved,3194.62,85,117.94
RET00068,ORD000774,2025-04-08,Damaged,Approved,8843.1,165,312.82
RET00069,ORD000781,2025-12-18,Size/Fit,Approved,13932.12,110,499.05
RET00070,ORD000789,2025-10-14,Size/Fit,Approved,6702.61,75,427.78
RET00071,ORD000843,2025-11-07,Not as Expected,Approved,4673.64,80,207.49
RET00072,ORD000846,2025-01-21,Late Delivery,Approved,2241,110,141.25
RET00073,ORD000847,2025-08-26,Late Delivery,Approved,15273.35,60,917.58
RET00074,ORD000857,2025-12-27,Damaged,Approved,864.37,50,55.91
RET00075,ORD000878,2025-04-25,Size/Fit,Approved,9613.93,165,218.76
RET00076,ORD000909,2025-04-28,Size/Fit,Approved,12218.5,100,350.32
RET00077,ORD000910,2025-03-22,Size/Fit,Rejected,0,0,0
RET00078,ORD000947,2025-10-10,Size/Fit,Approved,1622.66,160,52.98
RET00079,ORD000968,2025-07-25,Damaged,Approved,3020.78,60,193.24
RET00080,ORD000975,2025-06-16,Late Delivery,Approved,12262.25,110,154.86
RET00081,ORD000993,2025-09-13,Wrong Item,Approved,4627.47,60,36.13
RET00082,ORD000996,2025-08-17,Late Delivery,Approved,23712.19,110,218.16
RET00083,ORD000998,2025-11-03,Size/Fit,Rejected,0,0,0
RET00084,ORD001013,2025-12-30,Late Delivery,Approved,3965.41,180,33.36
RET00085,ORD001030,2025-09-26,Changed Mind,Approved,29795.29,135,926.58
RET00086,ORD001032,2025-05-22,Not as Expected,Approved,6261.18,145,292.77
RET00087,ORD001046,2025-12-18,Changed Mind,Approved,3120.05,50,55.58
RET00088,ORD001050,2025-06-02,Not as Expected,Approved,7138.89,55,114.94
RET00089,ORD001052,2025-01-23,Not as Expected,Approved,8120.04,70,118.73
RET00090,ORD001056,2025-05-04,Size/Fit,Approved,5993.63,175,365.92
RET00091,ORD001065,2025-04-25,Changed Mind,Approved,11453.62,125,151.55
RET00092,ORD001077,2025-07-10,Not as Expected,Approved,16245.4,165,753.92
RET00093,ORD001090,2025-04-15,Not as Expected,Approved,12513.29,65,753.9
RET00094,ORD001093,2025-08-04,Late Delivery,Approved,7779.44,60,357.79
RET00095,ORD001103,2025-09-25,Changed Mind,Approved,15347.68,100,1052.83
RET00096,ORD001138,2025-02-11,Size/Fit,Approved,1698.45,65,101.37
RET00097,ORD001142,2025-02-19,Wrong Item,Approved,8511.91,115,194.24
RET00098,ORD001157,2025-09-08,Changed Mind,Approved,3115.18,135,143.99
RET00099,ORD001197,2025-04-19,Not as Expected,Approved,2023.54,175,112.74
RET00100,ORD001198,2025-11-16,Not as Expected,Approved,997.44,70,19.03
RET00101,ORD001221,2025-10-10,Wrong Item,Approved,7498.62,110,417.81
RET00102,ORD001235,2026-01-16,Wrong Item,Approved,14668.78,100,129.11
RET00103,ORD001244,2025-02-25,Late Delivery,Approved,3668.96,55,130.38
RET00104,ORD001277,2025-11-12,Size/Fit,Approved,10218.31,140,306.88
RET00105,ORD001279,2025-06-23,Late Delivery,Approved,24488.98,110,1891.22
RET00106,ORD001290,2025-11-21,Late Delivery,Rejected,0,0,0
RET00107,ORD001301,2025-05-03,Size/Fit,Approved,5899.35,65,111.94
RET00108,ORD001304,2025-10-08,Not as Expected,Approved,1729.99,165,128.31
RET00109,ORD001308,2025-04-11,Not as Expected,Approved,10642.89,175,54.29
RET00110,ORD001329,2025-12-13,Damaged,Approved,6051.75,135,378.83
RET00111,ORD001343,2025-09-08,Damaged,Approved,3905.43,65,152.05
RET00112,ORD001363,2025-08-22,Not as Expected,Approved,4053.83,135,118.56
RET00113,ORD001400,2026-01-04,Not as Expected,Rejected,0,0,0
RET00114,ORD001401,2025-12-23,Size/Fit,Approved,7915.12,95,37.64
RET00115,ORD001412,2025-10-07,Changed Mind,Approved,12268.11,130,746.18
RET00116,ORD001415,2025-06-30,Size/Fit,Approved,11789.4,135,287.91
RET00117,ORD001416,2025-02-22,Late Delivery,Approved,4901.48,160,282.8
RET00118,ORD001421,2025-09-27,Size/Fit,Approved,631.49,65,23.52
RET00119,ORD001431,2025-04-07,Wrong Item,Approved,1689.92,70,10.65
RET00120,ORD001467,2025-07-09,Not as Expected,Approved,6866.15,145,71.19
RET00121,ORD001478,2025-02-09,Late Delivery,Approved,582.99,70,4.07
RET00122,ORD001496,2025-10-29,Not as Expected,Approved,3319.48,85,38.81
RET00123,ORD001498,2025-08-02,Damaged,Approved,6097.19,135,432.07
RET00124,ORD001500,2025-08-02,Not as Expected,Approved,5325.49,135,194.37
RET00125,ORD001503,2025-03-19,Late Delivery,Approved,13395.85,65,1013.41
RET00126,ORD001504,2025-09-17,Size/Fit,Approved,252.45,150,3.59
RET00127,ORD001511,2025-08-07,Size/Fit,Approved,1141.38,150,61.2
RET00128,ORD001527,2025-06-21,Late Delivery,Approved,18471.89,115,591.58
RET00129,ORD001528,2025-09-20,Size/Fit,Approved,2074.34,120,45.18
RET00130,ORD001535,2025-07-30,Wrong Item,Approved,15958.85,135,752.48
RET00131,ORD001540,2025-02-27,Damaged,Approved,13150.34,145,1026.16
RET00132,ORD001551,2025-03-20,Size/Fit,Approved,2188.82,95,89.97
RET00133,ORD001567,2025-02-21,Not as Expected,Rejected,0,0,0
RET00134,ORD001572,2025-06-15,Size/Fit,Rejected,0,0,0
RET00135,ORD001611,2026-01-09,Damaged,Approved,5711.02,80,247.8
RET00136,ORD001620,2025-05-01,Changed Mind,Approved,4162.52,100,329.88
RET00137,ORD001637,2025-03-08,Damaged,Approved,4215.81,145,230.19
RET00138,ORD001656,2025-08-20,Damaged,Approved,2398.12,90,112.27
RET00139,ORD001679,2025-03-30,Damaged,Approved,13477.1,160,465.25
RET00140,ORD001690,2025-10-25,Changed Mind,Approved,28662.61,80,260.5
RET00141,ORD001698,2025-11-23,Size/Fit,Approved,3369.46,125,163.95
RET00142,ORD001699,2025-03-06,Damaged,Approved,3806,110,254.09
RET00143,ORD001709,2025-06-29,Not as Expected,Approved,6074.87,125,66.81
RET00144,ORD001713,2025-04-29,Not as Expected,Approved,3481.88,115,69.12
RET00145,ORD001715,2025-08-12,Late Delivery,Approved,2189.95,155,18.55
RET00146,ORD001725,2025-06-17,Size/Fit,Approved,3055.12,65,151.17
RET00147,ORD001762,2025-05-15,Changed Mind,Approved,1893.22,90,62.98
RET00148,ORD001784,2025-02-24,Not as Expected,Approved,1263.44,75,47.51
RET00149,ORD001805,2025-06-20,Not as Expected,Approved,602.56,55,10.61
RET00150,ORD001850,2025-05-05,Late Delivery,Approved,2906.98,105,229.66
RET00151,ORD001871,2025-03-27,Changed Mind,Approved,1000.4,155,14.56
RET00152,ORD001872,2025-04-26,Not as Expected,Approved,14610.6,110,719.85
RET00153,ORD001884,2025-12-02,Size/Fit,Approved,3317.25,95,109.21
RET00154,ORD001889,2025-08-08,Size/Fit,Approved,4921.92,145,39.46
RET00155,ORD001890,2025-10-05,Size/Fit,Approved,7415.5,75,256.88
RET00156,ORD001894,2025-03-20,Size/Fit,Approved,11197.57,95,515.03
RET00157,ORD001911,2025-05-18,Not as Expected,Approved,6091.83,95,473.49
RET00158,ORD001924,2025-01-28,Changed Mind,Approved,3036.64,175,216.58
RET00159,ORD001968,2025-07-26,Damaged,Approved,26512.11,120,1113.42
RET00160,ORD001979,2025-12-04,Damaged,Approved,1002.7,150,78.66
RET00161,ORD001989,2025-02-12,Size/Fit,Approved,13900.49,75,95.64
RET00162,ORD002006,2025-07-08,Size/Fit,Approved,3661.41,135,201.77
RET00163,ORD002033,2025-08-14,Size/Fit,Approved,4578.63,55,221.93
RET00164,ORD002074,2025-04-19,Wrong Item,Approved,688.11,180,23.77
RET00165,ORD002088,2025-12-22,Damaged,Approved,15055.88,45,405.22
RET00166,ORD002102,2025-06-23,Late Delivery,Approved,11776.75,155,166.02
RET00167,ORD002108,2025-11-02,Late Delivery,Approved,5543.29,50,10.4
RET00168,ORD002109,2025-05-04,Not as Expected,Approved,1410.55,90,56.1
RET00169,ORD002122,2025-07-03,Not as Expected,Approved,16558.15,165,1065.73
RET00170,ORD002127,2025-02-19,Size/Fit,Approved,10540.51,110,721.9
RET00171,ORD002128,2025-09-21,Not as Expected,Rejected,0,0,0
RET00172,ORD002141,2025-06-11,Size/Fit,Approved,3831.61,110,187.05
RET00173,ORD002143,2026-01-12,Not as Expected,Approved,1472.66,135,58.93
RET00174,ORD002152,2025-12-12,Changed Mind,Approved,5180.13,170,352.98
RET00175,ORD002155,2025-07-31,Late Delivery,Approved,9715.25,75,422.36
RET00176,ORD002176,2025-02-16,Damaged,Approved,2360.08,95,96.31
RET00177,ORD002198,2025-05-23,Size/Fit,Approved,5374.3,85,361.84
RET00178,ORD002247,2025-09-03,Wrong Item,Approved,5108.28,105,240.36
RET00179,ORD002250,2025-07-25,Not as Expected,Approved,7823.65,60,311.76
RET00180,ORD002277,2025-05-20,Changed Mind,Approved,270.54,140,7.86
RET00181,ORD002279,2025-01-19,Not as Expected,Approved,13050.5,145,142.45
RET00182,ORD002286,2025-03-28,Size/Fit,Approved,2033.38,150,15.37
RET00183,ORD002290,2025-09-24,Changed Mind,Approved,3374,130,39.44
RET00184,ORD002303,2025-04-24,Not as Expected,Rejected,0,0,0
RET00185,ORD002314,2025-03-15,Changed Mind,Approved,10455.62,50,159.89
RET00186,ORD002373,2025-07-05,Late Delivery,Approved,26585.8,125,1189.83
RET00187,ORD002382,2025-09-14,Wrong Item,Approved,3222.7,170,53.92
RET00188,ORD002394,2025-12-27,Late Delivery,Approved,3277.16,85,45.07
RET00189,ORD002399,2025-08-15,Damaged,Approved,3632.39,95,28.87
RET00190,ORD002402,2025-06-03,Not as Expected,Approved,4894.52,125,156.95
RET00191,ORD002414,2025-11-15,Damaged,Approved,8651.79,165,458.72
RET00192,ORD002423,2025-08-25,Not as Expected,Approved,9131.05,165,211.4
RET00193,ORD002430,2025-01-21,Not as Expected,Approved,1859.76,160,89.41
RET00194,ORD002460,2025-04-09,Late Delivery,Approved,14557.14,135,506.83
RET00195,ORD002467,2025-07-05,Late Delivery,Approved,14305.17,140,1070.5
RET00196,ORD002470,2025-12-01,Changed Mind,Approved,1107.34,105,62.57
RET00197,ORD002484,2025-09-05,Not as Expected,Approved,31549.53,170,2009.91
RET00198,ORD002537,2025-12-04,Damaged,Approved,24549.59,180,1643.4
RET00199,ORD002551,2025-07-04,Damaged,Approved,20515.35,95,337.35
RET00200,ORD002572,2025-06-21,Not as Expected,Approved,2894.46,100,100.79
RET00201,ORD002581,2025-07-15,Wrong Item,Approved,7542.07,175,282.29
RET00202,ORD002592,2025-11-10,Size/Fit,Approved,1884.18,70,93.26
RET00203,ORD002599,2025-02-16,Damaged,Approved,5835.42,110,286.55
RET00204,ORD002605,2025-02-02,Not as Expected,Approved,3116.48,180,8.97
RET00205,ORD002635,2025-08-16,Damaged,Approved,18874.97,145,1382.24
RET00206,ORD002657,2025-09-10,Wrong Item,Approved,7393.21,50,397.78
RET00207,ORD002658,2025-09-21,Damaged,Approved,6833.45,130,264.32
RET00208,ORD002677,2025-06-11,Changed Mind,Approved,5762.16,120,27.23
RET00209,ORD002710,2025-04-30,Size/Fit,Approved,7911.63,130,354.92
RET00210,ORD002716,2025-04-12,Damaged,Approved,17505.31,50,726.81
RET00211,ORD002786,2025-06-15,Not as Expected,Approved,8785.19,95,197.79
RET00212,ORD002787,2025-10-26,Not as Expected,Approved,1762.56,100,30.42
RET00213,ORD002798,2025-03-28,Changed Mind,Approved,15577.67,130,206.48
RET00214,ORD002804,2025-12-16,Late Delivery,Approved,49495.33,155,3955.13
RET00215,ORD002862,2025-08-29,Wrong Item,Approved,15023.46,150,610.43
RET00216,ORD002872,2025-08-21,Not as Expected,Approved,5497.56,75,185.56
RET00217,ORD002885,2025-10-25,Size/Fit,Approved,59984.26,115,1188.11
RET00218,ORD002891,2025-06-17,Late Delivery,Approved,13680.4,155,329.84
RET00219,ORD002898,2025-11-23,Size/Fit,Approved,4266.52,145,314.48
RET00220,ORD002901,2025-06-20,Changed Mind,Approved,3077.07,90,183.95
RET00221,ORD002908,2025-10-30,Size/Fit,Approved,1052.86,100,17.71
RET00222,ORD002934,2025-10-29,Changed Mind,Approved,8346.79,110,24.64
RET00223,ORD002942,2025-07-21,Damaged,Approved,2231.25,90,53.91
RET00224,ORD002943,2025-04-02,Size/Fit,Approved,12435.51,120,6.18
RET00225,ORD002963,2025-07-20,Damaged,Approved,3154.96,120,142.87
RET00226,ORD002972,2025-10-13,Size/Fit,Approved,4515.22,75,11.72
RET00227,ORD002993,2025-10-13,Size/Fit,Approved,12564.31,80,915.85
RET00228,ORD002998,2025-03-03,Changed Mind,Approved,9090.11,65,436.69
RET00229,ORD003011,2025-11-16,Size/Fit,Approved,5876.66,175,104.56
RET00230,ORD003017,2025-05-20,Late Delivery,Approved,33060.24,80,536.86
RET00231,ORD003031,2025-04-30,Late Delivery,Approved,963.26,120,24.39
RET00232,ORD003036,2025-01-09,Not as Expected,Approved,8720.3,150,678.88
RET00233,ORD003042,2025-01-19,Wrong Item,Approved,2737.33,95,94.92
RET00234,ORD003047,2025-11-11,Damaged,Rejected,0,0,0
RET00235,ORD003050,2025-05-16,Changed Mind,Approved,4321.39,95,118.25
RET00236,ORD003095,2025-01-29,Damaged,Approved,947.11,95,33.16
RET00237,ORD003108,2025-06-18,Late Delivery,Approved,12366.87,45,283.4
RET00238,ORD003115,2025-01-29,Late Delivery,Approved,29246.17,100,964.78
RET00239,ORD003129,2025-03-23,Not as Expected,Approved,1729.86,85,28.99
RET00240,ORD003161,2025-10-18,Changed Mind,Approved,21461.99,155,405.34
RET00241,ORD003164,2025-03-20,Size/Fit,Approved,12229.17,90,4.05
RET00242,ORD003170,2025-03-01,Not as Expected,Approved,3742.78,155,35.98
RET00243,ORD003194,2025-04-15,Late Delivery,Approved,2404.02,175,159.85
RET00244,ORD003203,2025-07-26,Damaged,Approved,92992.49,60,4551.63
RET00245,ORD003218,2025-12-21,Size/Fit,Approved,3506.07,55,54.11
RET00246,ORD003231,2025-01-31,Size/Fit,Approved,6226.82,110,487.67
RET00247,ORD003273,2025-01-13,Size/Fit,Approved,3095.24,165,120.08
RET00248,ORD003289,2025-01-19,Size/Fit,Approved,2157.31,105,81.63
RET00249,ORD003295,2025-10-17,Late Delivery,Approved,561.29,130,25.97
RET00250,ORD003298,2025-08-29,Not as Expected,Approved,4136.85,80,112.77
RET00251,ORD003299,2025-08-14,Wrong Item,Approved,10265.67,135,353.72
RET00252,ORD003322,2025-05-16,Changed Mind,Approved,4550.64,50,363.82
RET00253,ORD003323,2025-09-24,Late Delivery,Approved,1191.6,55,25.28
RET00254,ORD003335,2025-01-21,Changed Mind,Approved,33972.62,170,942.84
RET00255,ORD003352,2025-04-17,Not as Expected,Approved,5772.12,150,114.3
RET00256,ORD003357,2025-05-24,Size/Fit,Approved,12177.2,140,533.96
RET00257,ORD003377,2025-12-10,Wrong Item,Approved,26394,175,122.19
RET00258,ORD003406,2025-12-11,Changed Mind,Approved,1801.33,175,72.76
RET00259,ORD003414,2026-01-06,Changed Mind,Approved,725.57,70,42.73
RET00260,ORD003417,2025-05-14,Changed Mind,Approved,7357.44,110,99.64
RET00261,ORD003424,2025-09-09,Damaged,Approved,4758.97,175,377.21
RET00262,ORD003433,2025-08-22,Late Delivery,Approved,12008.42,75,228.24
RET00263,ORD003440,2026-01-14,Not as Expected,Approved,7317.16,135,235.61
RET00264,ORD003468,2025-09-24,Size/Fit,Approved,4452.45,135,347.81
RET00265,ORD003469,2025-11-02,Damaged,Approved,19819.31,110,1413.23
RET00266,ORD003482,2026-01-05,Size/Fit,Approved,6862.64,45,353.65
RET00267,ORD003494,2025-02-21,Not as Expected,Approved,5696.35,100,44.83
RET00268,ORD003509,2025-12-14,Wrong Item,Rejected,0,0,0
RET00269,ORD003516,2025-04-19,Not as Expected,Approved,897.93,140,31.9
RET00270,ORD003518,2025-02-10,Changed Mind,Approved,11358.02,125,263.53
RET00271,ORD003523,2025-08-11,Size/Fit,Approved,6510.94,175,138.34
RET00272,ORD003539,2025-09-11,Size/Fit,Approved,2902.61,50,154.45
RET00273,ORD003569,2025-06-10,Wrong Item,Approved,3068.97,80,126.88
RET00274,ORD003572,2025-10-08,Late Delivery,Approved,9246.39,80,13.51
RET00275,ORD003589,2025-12-25,Changed Mind,Approved,7349.05,75,8.95
RET00276,ORD003593,2025-09-08,Changed Mind,Approved,4358.67,150,327.22
RET00277,ORD003601,2025-11-20,Damaged,Approved,417.12,75,30.96
RET00278,ORD003613,2025-11-08,Damaged,Approved,12764.79,50,396.42
RET00279,ORD003624,2025-09-15,Late Delivery,Approved,9955.46,140,783.98
RET00280,ORD003656,2025-12-14,Changed Mind,Approved,57573.85,155,402.62
RET00281,ORD003675,2025-10-15,Size/Fit,Approved,8666.51,90,227.62
RET00282,ORD003679,2025-04-27,Damaged,Approved,13324.08,145,433.8
RET00283,ORD003684,2025-11-02,Size/Fit,Approved,462.87,115,17.61
RET00284,ORD003692,2025-05-24,Damaged,Approved,45705.84,70,393.77
RET00285,ORD003714,2025-07-25,Late Delivery,Approved,5952.88,175,287.09
RET00286,ORD003730,2025-11-15,Size/Fit,Approved,5472.85,95,81.84
RET00287,ORD003763,2026-01-04,Size/Fit,Approved,894.53,170,30.36
RET00288,ORD003765,2025-06-19,Wrong Item,Approved,29828.83,130,430.43
RET00289,ORD003776,2025-07-31,Size/Fit,Approved,1513.85,110,34.64
RET00290,ORD003797,2025-12-22,Size/Fit,Approved,5661.01,170,348.62
RET00291,ORD003819,2025-10-01,Late Delivery,Approved,15286.41,115,635.79
RET00292,ORD003837,2025-10-11,Damaged,Approved,1660.68,110,117.5
RET00293,ORD003853,2025-09-18,Size/Fit,Approved,5277.33,110,78.54
RET00294,ORD003857,2025-12-05,Damaged,Approved,271.95,105,10.29
RET00295,ORD003862,2025-05-19,Damaged,Approved,2026.48,140,62.46
RET00296,ORD003863,2025-09-23,Not as Expected,Approved,14902.16,160,285.56
RET00297,ORD003864,2025-08-26,Wrong Item,Approved,11085.96,115,828.49
RET00298,ORD003871,2025-07-22,Size/Fit,Approved,4093.47,70,74.48
RET00299,ORD003873,2025-11-28,Size/Fit,Approved,442.73,110,29.31
RET00300,ORD003880,2025-12-23,Changed Mind,Approved,19220.12,175,901.85
RET00301,ORD003882,2025-06-21,Size/Fit,Approved,9496.95,65,659.82
RET00302,ORD003892,2025-01-31,Not as Expected,Approved,6638.08,170,216.49
RET00303,ORD003905,2026-01-02,Size/Fit,Approved,2711.76,70,33.49
RET00304,ORD003908,2025-11-30,Not as Expected,Approved,3036.01,155,217.33
RET00305,ORD003915,2025-11-28,Damaged,Approved,4436.92,65,107.31
RET00306,ORD003924,2025-03-30,Size/Fit,Approved,9116.89,170,631.1
RET00307,ORD003927,2025-04-16,Damaged,Approved,2462.41,65,160.62
RET00308,ORD003940,2025-04-11,Size/Fit,Approved,5331.11,45,362.5
RET00309,ORD003942,2025-12-11,Size/Fit,Approved,1023,160,73.59
RET00310,ORD003947,2025-01-08,Wrong Item,Approved,58642.86,145,1790.83
RET00311,ORD003955,2025-05-17,Damaged,Approved,12421.22,95,653.28
RET00312,ORD003956,2025-06-13,Size/Fit,Approved,963.39,115,15.43
RET00313,ORD003963,2025-06-10,Late Delivery,Approved,9373.52,160,236.31
RET00314,ORD003976,2025-08-15,Not as Expected,Approved,1678.46,45,14.56
RET00315,ORD003992,2025-05-08,Late Delivery,Approved,5643.39,55,193.67
RET00316,ORD003995,2025-12-29,Late Delivery,Approved,22174.86,170,1715.86
RET00317,ORD003998,2025-08-29,Changed Mind,Approved,3447.95,125,162.05
RET00318,ORD004000,2025-02-18,Wrong Item,Approved,551.71,75,12.81
RET00319,ORD004054,2025-01-31,Wrong Item,Approved,10185.71,140,125.99
RET00320,ORD004056,2025-03-13,Changed Mind,Approved,3215.5,70,176.98
RET00321,ORD004061,2025-12-04,Not as Expected,Approved,4190.37,110,90.14
RET00322,ORD004065,2025-12-24,Not as Expected,Approved,2397.38,80,145.31
RET00323,ORD004089,2025-04-27,Damaged,Approved,10954.86,85,529.93
RET00324,ORD004110,2025-02-13,Not as Expected,Approved,4374.32,70,119.9
RET00325,ORD004114,2025-09-19,Damaged,Approved,10891.66,155,323.56
RET00326,ORD004118,2025-11-05,Late Delivery,Approved,21332.96,125,1342.87
RET00327,ORD004132,2025-05-07,Changed Mind,Approved,14725.5,140,387.01
RET00328,ORD004137,2025-04-25,Changed Mind,Approved,2023.94,140,22.93
RET00329,ORD004138,2025-06-23,Changed Mind,Approved,10489.04,130,353.48
RET00330,ORD004140,2025-02-26,Not as Expected,Approved,2847.22,165,209.69
RET00331,ORD004142,2025-03-30,Damaged,Approved,2037.38,130,66.62
RET00332,ORD004147,2025-03-08,Not as Expected,Approved,391.38,170,3.62
RET00333,ORD004153,2025-12-25,Changed Mind,Approved,8771.27,60,213.5
RET00334,ORD004162,2025-05-09,Size/Fit,Approved,10383.6,75,646.97
RET00335,ORD004172,2025-10-22,Size/Fit,Approved,5837.73,115,101.74
RET00336,ORD004182,2025-10-06,Late Delivery,Approved,4398.94,70,311.3
RET00337,ORD004189,2025-02-09,Changed Mind,Approved,2510.63,125,196.3
RET00338,ORD004194,2025-02-09,Size/Fit,Approved,4233.58,115,55.02
RET00339,ORD004197,2025-02-27,Wrong Item,Approved,3079.34,55,202.94
RET00340,ORD004199,2025-02-26,Wrong Item,Approved,2772.19,105,37.56
RET00341,ORD004232,2025-08-03,Wrong Item,Approved,49038.75,180,614.13
RET00342,ORD004237,2025-11-09,Damaged,Approved,41704.36,160,3125.42
RET00343,ORD004247,2025-06-25,Not as Expected,Approved,12134.39,100,387.71
RET00344,ORD004254,2025-10-25,Changed Mind,Approved,14272.34,125,801.23
RET00345,ORD004273,2025-03-18,Damaged,Approved,4976.01,150,320.9
RET00346,ORD004278,2025-09-13,Not as Expected,Approved,9680.59,180,140.09
RET00347,ORD004287,2025-06-10,Not as Expected,Approved,18618.5,175,998.07
RET00348,ORD004296,2025-04-07,Late Delivery,Approved,3848.94,50,112.89
RET00349,ORD004307,2025-09-10,Size/Fit,Approved,2879.67,140,228.71
RET00350,ORD004325,2025-05-05,Wrong Item,Approved,5529.38,110,184.14
RET00351,ORD004333,2025-09-19,Not as Expected,Approved,10635.71,45,519.86
RET00352,ORD004341,2025-03-24,Size/Fit,Approved,3920.34,155,26.45
RET00353,ORD004343,2025-08-15,Damaged,Approved,2180.05,75,48.57
RET00354,ORD004345,2026-01-11,Changed Mind,Approved,4067.41,45,280.04
RET00355,ORD004370,2025-07-15,Not as Expected,Approved,25326.09,135,101.83
RET00356,ORD004401,2025-12-03,Late Delivery,Approved,2444.95,90,94.6
RET00357,ORD004417,2025-08-10,Damaged,Approved,5269.34,125,125.04
RET00358,ORD004426,2025-07-15,Size/Fit,Approved,4409.93,110,213.14
RET00359,ORD004439,2025-02-23,Size/Fit,Approved,566.26,105,42.01
RET00360,ORD004463,2025-10-27,Late Delivery,Approved,13382.9,150,572.67
RET00361,ORD004469,2025-03-29,Damaged,Approved,21096.48,140,1428.08
RET00362,ORD004475,2025-02-19,Changed Mind,Approved,2531.79,135,147.09
RET00363,ORD004482,2025-09-03,Damaged,Approved,3302.77,80,54.13
RET00364,ORD004498,2025-12-02,Size/Fit,Approved,1289.27,145,56.36
RET00365,ORD004507,2025-09-18,Changed Mind,Approved,421.04,170,19.47
RET00366,ORD004532,2025-10-23,Size/Fit,Approved,9039.32,170,46.39
RET00367,ORD004535,2025-10-26,Size/Fit,Approved,16090.13,70,414.38
RET00368,ORD004539,2025-03-23,Not as Expected,Approved,17839.13,180,1017.65
RET00369,ORD004540,2025-10-19,Late Delivery,Approved,1387.89,165,80.11
RET00370,ORD004570,2025-08-31,Damaged,Approved,17853.68,130,1099.38
RET00371,ORD004582,2025-03-22,Size/Fit,Approved,9397.73,150,591.97
RET00372,ORD004590,2025-06-14,Not as Expected,Approved,4765.49,55,222.83
RET00373,ORD004593,2025-10-09,Changed Mind,Approved,1247.26,110,96.99
RET00374,ORD004601,2025-08-06,Not as Expected,Approved,5351.83,95,406.32
RET00375,ORD004606,2025-08-04,Late Delivery,Approved,5301.95,50,22.38
RET00376,ORD004608,2025-04-27,Size/Fit,Approved,8123.29,170,544.67
RET00377,ORD004617,2025-09-09,Late Delivery,Approved,1835,80,8.25
RET00378,ORD004679,2026-01-06,Size/Fit,Approved,4104.17,130,155.99
RET00379,ORD004680,2025-08-04,Changed Mind,Approved,12575.02,170,344.76
RET00380,ORD004684,2025-03-29,Wrong Item,Approved,22837.4,145,486.01
RET00381,ORD004687,2025-10-22,Not as Expected,Approved,2002.85,145,80.02
RET00382,ORD004697,2025-05-29,Wrong Item,Approved,1760.13,90,34.97
RET00383,ORD004727,2025-01-30,Wrong Item,Approved,1608.72,80,66.46
RET00384,ORD004733,2025-08-28,Size/Fit,Approved,5736.1,145,348.02
RET00385,ORD004734,2025-05-23,Size/Fit,Approved,2474.87,170,159.95
RET00386,ORD004742,2025-11-16,Size/Fit,Approved,5654.79,75,168.9
RET00387,ORD004746,2025-10-12,Not as Expected,Approved,2239.86,85,114.81
RET00388,ORD004786,2025-11-02,Not as Expected,Approved,3806.72,125,171.62
RET00389,ORD004794,2025-04-12,Not as Expected,Approved,4151.27,120,129.05
RET00390,ORD004797,2025-07-26,Not as Expected,Approved,5352.06,90,245.39
RET00391,ORD004798,2025-11-01,Changed Mind,Approved,25245.79,65,347.73
RET00392,ORD004817,2025-08-24,Damaged,Approved,1231.25,65,21.83
RET00393,ORD004850,2026-01-12,Size/Fit,Approved,5670.94,130,26.42
RET00394,ORD004856,2025-05-04,Damaged,Approved,12422.79,85,70.22
RET00395,ORD004860,2025-08-18,Size/Fit,Approved,17609.41,125,532.16
RET00396,ORD004871,2025-01-30,Wrong Item,Approved,4710.23,45,198.46
RET00397,ORD004873,2025-09-17,Not as Expected,Approved,1270.59,160,47.84
RET00398,ORD004878,2025-08-20,Changed Mind,Approved,2434.12,150,124.65
RET00399,ORD004879,2025-06-18,Size/Fit,Approved,11026.17,165,710.32
RET00400,ORD004881,2025-02-19,Damaged,Approved,24060.76,150,1623.84
RET00401,ORD004896,2025-11-25,Late Delivery,Approved,1318.63,65,24.84
RET00402,ORD004942,2025-01-31,Not as Expected,Approved,30430.21,160,2215.51
RET00403,ORD004944,2025-08-02,Size/Fit,Approved,3709.96,85,217.85
RET00404,ORD004954,2025-11-08,Wrong Item,Approved,6497.19,95,291.59
RET00405,ORD004972,2025-09-17,Not as Expected,Approved,45197.34,90,2594
RET00406,ORD004982,2025-08-16,Not as Expected,Approved,5503.43,75,392.85
RET00407,ORD004995,2025-03-24,Changed Mind,Approved,1557.39,130,45.36
RET00408,ORD005011,2026-01-09,Size/Fit,Approved,5461.41,65,22.84
RET00409,ORD005020,2026-01-10,Wrong Item,Approved,43243.58,90,2094.66
RET00410,ORD005025,2025-11-20,Damaged,Approved,4598.92,95,127.8
RET00411,ORD005038,2025-06-10,Late Delivery,Approved,1012.32,115,13.96
RET00412,ORD005047,2025-11-26,Changed Mind,Approved,1258.16,95,37.83
RET00413,ORD005051,2025-10-24,Changed Mind,Approved,6570.14,80,339.55
RET00414,ORD005068,2025-10-21,Damaged,Approved,6339.83,180,374.46
RET00415,ORD005071,2026-01-09,Damaged,Approved,5494.26,165,291.01
RET00416,ORD005087,2025-02-19,Size/Fit,Approved,5232.86,50,1.83
RET00417,ORD005088,2025-04-30,Damaged,Approved,27833.89,70,1587.08
RET00418,ORD005107,2025-03-09,Not as Expected,Approved,1397.88,80,85.57
RET00419,ORD005108,2025-04-14,Late Delivery,Approved,3357.88,45,157.52
RET00420,ORD005114,2025-12-09,Not as Expected,Approved,5375.64,165,373.03
RET00421,ORD005124,2025-06-24,Not as Expected,Approved,6889.79,45,445.75
RET00422,ORD005133,2025-12-08,Not as Expected,Approved,5601.71,145,68.51
RET00423,ORD005139,2025-11-13,Damaged,Approved,3026.93,65,101.34
RET00424,ORD005157,2025-09-26,Not as Expected,Approved,5222.9,85,126.41
RET00425,ORD005160,2025-12-20,Wrong Item,Approved,26761.51,125,1055.1
RET00426,ORD005198,2025-03-15,Wrong Item,Approved,14940.39,155,649.63
RET00427,ORD005205,2025-11-09,Wrong Item,Approved,3969.71,125,202.07
RET00428,ORD005217,2025-12-18,Wrong Item,Approved,5725.75,135,214.51
RET00429,ORD005219,2025-09-24,Not as Expected,Approved,3666.9,110,54.02
RET00430,ORD005222,2025-12-04,Late Delivery,Approved,3224.49,170,41.82
RET00431,ORD005225,2025-02-09,Late Delivery,Approved,7097.99,105,508.51
RET00432,ORD005259,2025-11-27,Late Delivery,Approved,975.44,100,60.78
RET00433,ORD005270,2025-05-30,Damaged,Approved,33396.95,75,2051.56
RET00434,ORD005273,2025-04-15,Changed Mind,Approved,2218.98,150,42.8
RET00435,ORD005286,2025-04-18,Late Delivery,Approved,38613.97,170,854.02
RET00436,ORD005290,2025-11-03,Size/Fit,Approved,1363.43,130,100.84
RET00437,ORD005311,2025-10-30,Size/Fit,Approved,4151.66,175,225.39
RET00438,ORD005321,2025-05-23,Damaged,Approved,3888.36,75,50.4
RET00439,ORD005358,2025-06-02,Damaged,Approved,10481.33,140,775.48
RET00440,ORD005363,2025-10-25,Late Delivery,Approved,8145.66,125,55.62
RET00441,ORD005385,2025-11-19,Damaged,Approved,1728.69,115,10
RET00442,ORD005401,2025-02-08,Not as Expected,Approved,3043.7,175,62.21
RET00443,ORD005429,2025-04-19,Size/Fit,Approved,2191.48,70,109.67
RET00444,ORD005431,2025-01-12,Late Delivery,Approved,18488.53,90,193.69
RET00445,ORD005437,2025-02-25,Size/Fit,Approved,4329.71,130,69.4
RET00446,ORD005438,2025-03-03,Size/Fit,Approved,5473.36,145,145.18
RET00447,ORD005448,2025-12-15,Not as Expected,Approved,2129.54,85,85.72
RET00448,ORD005457,2025-02-15,Changed Mind,Approved,3698.01,125,124.14
RET00449,ORD005477,2025-07-17,Size/Fit,Approved,13245.76,130,93.71
RET00450,ORD005478,2025-06-28,Damaged,Approved,11485.64,125,705.71
RET00451,ORD005483,2025-03-21,Not as Expected,Approved,3644.35,155,155.21
RET00452,ORD005485,2025-09-20,Not as Expected,Approved,5136.12,75,198.94
RET00453,ORD005494,2025-04-30,Damaged,Approved,2193.44,175,56.1
RET00454,ORD005527,2025-11-23,Changed Mind,Approved,4738.06,70,214.94
RET00455,ORD005546,2025-09-06,Not as Expected,Approved,17037.74,165,34.07
RET00456,ORD005561,2026-01-12,Size/Fit,Approved,604.45,125,11.81
RET00457,ORD005563,2025-10-18,Changed Mind,Approved,1991.58,70,78.16
RET00458,ORD005573,2025-02-09,Changed Mind,Approved,2057.67,105,82.56
RET00459,ORD005583,2025-12-07,Damaged,Approved,937.22,85,32.46
RET00460,ORD005591,2025-02-03,Not as Expected,Approved,2889.94,135,164.95
RET00461,ORD005610,2025-04-15,Changed Mind,Approved,9788.05,45,503.06
RET00462,ORD005626,2025-05-24,Wrong Item,Approved,26806.98,65,1348.87
RET00463,ORD005635,2025-01-19,Damaged,Approved,8721.51,95,413.33
RET00464,ORD005680,2025-03-03,Wrong Item,Approved,16350.35,65,42.45
RET00465,ORD005684,2025-03-19,Late Delivery,Approved,3342.06,130,24.82
RET00466,ORD005693,2025-05-28,Size/Fit,Approved,3583.3,95,164.06
RET00467,ORD005705,2026-01-01,Size/Fit,Approved,4337.14,145,128.19
RET00468,ORD005720,2025-04-27,Changed Mind,Approved,22875.63,145,232.62
RET00469,ORD005734,2025-10-14,Size/Fit,Approved,729.51,145,47.64
RET00470,ORD005742,2025-06-10,Size/Fit,Approved,3444.16,90,52.49
RET00471,ORD005769,2025-08-30,Not as Expected,Approved,7049.05,95,480.39
RET00472,ORD005783,2025-07-31,Changed Mind,Approved,5201.38,145,87.09
RET00473,ORD005800,2025-01-17,Not as Expected,Approved,1793.49,145,109.8
RET00474,ORD005804,2025-05-19,Size/Fit,Approved,4291.03,180,255.04
RET00475,ORD005806,2025-03-12,Size/Fit,Approved,2981.95,45,2.01
RET00476,ORD005813,2025-11-07,Wrong Item,Approved,24694.94,90,366.23
RET00477,ORD005823,2025-02-05,Not as Expected,Approved,30145.08,180,643.85
RET00478,ORD005827,2026-01-06,Damaged,Approved,4126.38,65,212.76
RET00479,ORD005839,2025-06-20,Damaged,Approved,3266.1,140,88.04
RET00480,ORD005850,2026-01-04,Wrong Item,Approved,17740.9,180,716.09
RET00481,ORD005860,2025-08-19,Late Delivery,Approved,15557.88,55,901.83
RET00482,ORD005871,2025-05-28,Wrong Item,Approved,7390.97,55,9.14
RET00483,ORD005878,2025-09-26,Not as Expected,Approved,4723.96,75,151.03
RET00484,ORD005893,2025-08-22,Size/Fit,Approved,4119.5,125,238.81
RET00485,ORD005912,2025-11-26,Size/Fit,Approved,14521.83,75,238.27
RET00486,ORD005914,2025-08-11,Changed Mind,Approved,3542.35,65,208.73
RET00487,ORD005920,2025-11-18,Damaged,Approved,29074.24,70,459.68
RET00488,ORD005950,2025-11-16,Size/Fit,Approved,6524.92,180,337.65
RET00489,ORD005952,2025-09-08,Damaged,Approved,10565.41,50,837.32
RET00490,ORD005957,2025-05-08,Late Delivery,Approved,3320.76,85,29.16
RET00491,ORD005972,2025-07-17,Not as Expected,Approved,3798.81,75,228.72
RET00492,ORD005976,2025-07-05,Wrong Item,Approved,5234.28,85,271.5
RET00493,ORD006013,2025-12-13,Changed Mind,Rejected,0,0,0
RET00494,ORD006026,2025-07-14,Not as Expected,Approved,4425.82,165,178.46
RET00495,ORD006044,2025-12-13,Not as Expected,Approved,576.81,140,11.6
RET00496,ORD006049,2025-06-17,Damaged,Approved,6539.35,65,376.49
RET00497,ORD006068,2025-09-08,Size/Fit,Approved,3713.12,110,27.4
RET00498,ORD006070,2025-12-19,Not as Expected,Approved,3877.66,110,183.02
RET00499,ORD006093,2025-06-01,Damaged,Approved,661.96,165,9.81
RET00500,ORD006101,2025-06-11,Late Delivery,Approved,10534.06,110,335.57
RET00501,ORD006107,2025-10-30,Not as Expected,Approved,2950.07,110,122.09
RET00502,ORD006115,2025-05-13,Damaged,Approved,27392.93,115,1122.84
RET00503,ORD006116,2025-08-20,Wrong Item,Approved,15471.43,140,728.99
RET00504,ORD006120,2025-02-12,Not as Expected,Approved,5163.96,80,46.96
RET00505,ORD006122,2025-07-29,Not as Expected,Approved,23780.52,70,1710.07
RET00506,ORD006125,2025-03-26,Changed Mind,Approved,28195.42,65,1606.66
RET00507,ORD006130,2025-04-02,Not as Expected,Approved,24457.29,165,711.41
RET00508,ORD006147,2025-02-03,Not as Expected,Approved,13097.5,60,410.24
RET00509,ORD006148,2025-06-13,Late Delivery,Approved,6986.66,150,286.59
RET00510,ORD006153,2025-07-05,Damaged,Approved,13902.01,65,99.82
RET00511,ORD006181,2025-10-01,Damaged,Approved,5647.17,145,160.52
RET00512,ORD006196,2025-05-10,Not as Expected,Approved,1558.31,135,116.09
RET00513,ORD006212,2025-10-27,Size/Fit,Approved,3137.67,115,220.99
RET00514,ORD006222,2026-01-11,Wrong Item,Approved,4737.75,130,264.76
RET00515,ORD006246,2025-03-25,Changed Mind,Approved,10216.43,180,696.71
RET00516,ORD006254,2026-01-02,Late Delivery,Approved,11402.26,65,730.01
RET00517,ORD006276,2025-09-07,Not as Expected,Approved,8625.65,170,637.64
RET00518,ORD006280,2025-08-10,Not as Expected,Approved,1833.34,155,75.94
RET00519,ORD006292,2025-08-10,Size/Fit,Approved,3554.39,60,165.39
RET00520,ORD006307,2025-04-11,Damaged,Approved,13263.88,145,445.14
RET00521,ORD006314,2025-07-26,Changed Mind,Approved,7440.78,160,168.31
RET00522,ORD006322,2025-06-23,Changed Mind,Approved,65843.66,125,4905.56
RET00523,ORD006334,2025-05-01,Not as Expected,Approved,15214.26,145,824.68
RET00524,ORD006354,2025-08-21,Not as Expected,Approved,8210.53,85,229.18
RET00525,ORD006363,2025-05-28,Wrong Item,Approved,13210.36,70,609.9
RET00526,ORD006378,2025-12-08,Not as Expected,Approved,1097.78,155,16.6
RET00527,ORD006402,2025-08-17,Size/Fit,Approved,2636.97,155,194.18
RET00528,ORD006454,2025-04-24,Damaged,Approved,5608.52,150,153.34
RET00529,ORD006461,2025-10-24,Wrong Item,Approved,1117.72,145,35.7
RET00530,ORD006477,2025-02-05,Wrong Item,Approved,6425.7,130,26.49
RET00531,ORD006486,2025-10-25,Not as Expected,Approved,5894.48,170,354.11
RET00532,ORD006562,2025-07-07,Size/Fit,Approved,3402.43,135,55.15
RET00533,ORD006593,2025-08-20,Not as Expected,Approved,2050.84,95,3.2
RET00534,ORD006596,2025-06-04,Size/Fit,Approved,3962.6,140,302.86
RET00535,ORD006617,2025-10-19,Not as Expected,Approved,19437.64,50,312.91
RET00536,ORD006625,2025-04-14,Not as Expected,Approved,1686.83,140,84.11
RET00537,ORD006640,2025-02-26,Not as Expected,Approved,2587.25,50,78
RET00538,ORD006665,2025-05-25,Wrong Item,Approved,16325.33,75,674.12
RET00539,ORD006683,2025-07-28,Size/Fit,Approved,5940.03,175,33.42
RET00540,ORD006687,2025-02-09,Not as Expected,Approved,9477.41,175,610.11
RET00541,ORD006698,2025-02-23,Not as Expected,Approved,988.37,55,70.92
RET00542,ORD006703,2025-04-26,Changed Mind,Approved,332.97,50,2.42
RET00543,ORD006708,2025-04-19,Damaged,Approved,10481.63,90,237.63
RET00544,ORD006712,2025-09-04,Size/Fit,Approved,5556.83,115,150.46
RET00545,ORD006714,2025-01-27,Not as Expected,Approved,5382.38,80,317.37
RET00546,ORD006715,2025-11-08,Damaged,Approved,5614.82,145,363.53
RET00547,ORD006756,2025-06-28,Not as Expected,Approved,2546.21,160,127.74
RET00548,ORD006766,2025-11-20,Damaged,Approved,15874.33,115,150.09
RET00549,ORD006771,2025-12-30,Late Delivery,Approved,14299.13,60,1097.02
RET00550,ORD006784,2025-11-18,Wrong Item,Approved,1667.93,75,19.82
RET00551,ORD006844,2025-01-27,Changed Mind,Approved,7664.9,65,452.33
RET00552,ORD006845,2025-10-31,Not as Expected,Approved,8289.46,85,107.71
RET00553,ORD006847,2025-06-30,Changed Mind,Approved,1334.81,155,79.64
RET00554,ORD006848,2025-07-13,Wrong Item,Approved,15013.34,90,1179.39
RET00555,ORD006856,2025-01-20,Size/Fit,Approved,5266.78,75,209.09
RET00556,ORD006857,2025-05-29,Not as Expected,Approved,3140.27,75,250.98
RET00557,ORD006871,2025-09-28,Size/Fit,Approved,2156.66,75,36.94
RET00558,ORD006876,2025-06-21,Damaged,Approved,2293.24,60,83.56
RET00559,ORD006886,2026-01-04,Late Delivery,Approved,2288.8,105,46.78
RET00560,ORD006899,2025-08-31,Damaged,Approved,7165.13,115,321.29
RET00561,ORD006909,2025-08-31,Size/Fit,Approved,2039.32,165,76.66
RET00562,ORD006917,2025-05-05,Size/Fit,Approved,2745.51,135,146.42
RET00563,ORD006919,2025-05-27,Size/Fit,Approved,2030.85,75,41.71
RET00564,ORD006920,2025-07-19,Late Delivery,Approved,22018.73,80,1303.94
RET00565,ORD006934,2025-09-27,Changed Mind,Approved,1080.18,180,15.97
RET00566,ORD006958,2025-01-24,Changed Mind,Approved,1492.64,45,24.14
RET00567,ORD006979,2025-10-14,Late Delivery,Approved,2098.78,125,0.89
RET00568,ORD006982,2026-01-08,Size/Fit,Approved,27501.91,145,1785.45
RET00569,ORD006985,2025-04-11,Not as Expected,Approved,8844.4,175,552.28
RET00570,ORD006994,2025-04-13,Late Delivery,Approved,10649.99,55,314.51
RET00571,ORD007007,2025-07-12,Changed Mind,Approved,30150.87,135,2173.78
RET00572,ORD007017,2025-05-06,Wrong Item,Approved,1032.67,160,49.27
RET00573,ORD007024,2025-05-25,Changed Mind,Approved,591.18,75,11.53
RET00574,ORD007032,2025-10-16,Not as Expected,Approved,13177.09,85,155.01
RET00575,ORD007037,2025-07-08,Late Delivery,Approved,5679.65,65,240.18
RET00576,ORD007039,2025-02-15,Size/Fit,Approved,5998.48,150,64.63
RET00577,ORD007053,2025-08-19,Changed Mind,Approved,1518.24,110,74.87
RET00578,ORD007058,2025-09-17,Damaged,Approved,31578.56,110,762.06
RET00579,ORD007060,2025-04-12,Damaged,Approved,4146.66,115,182.25
RET00580,ORD007132,2025-10-20,Changed Mind,Approved,7042.53,125,135.39
RET00581,ORD007153,2025-12-13,Wrong Item,Approved,11248.44,45,841.72
RET00582,ORD007166,2025-06-27,Changed Mind,Approved,6620.22,130,2.83
RET00583,ORD007204,2025-10-08,Damaged,Approved,3886.29,140,254
RET00584,ORD007217,2025-04-16,Changed Mind,Approved,14462.34,95,1087.01
RET00585,ORD007231,2025-06-30,Size/Fit,Approved,12029.44,135,164.24
RET00586,ORD007235,2025-11-13,Wrong Item,Approved,866,90,63.88
RET00587,ORD007240,2025-09-15,Changed Mind,Approved,3176.84,150,47.09
RET00588,ORD007249,2025-02-27,Late Delivery,Approved,4833.62,170,194.86
RET00589,ORD007277,2025-10-18,Late Delivery,Approved,21712.42,130,1575.42
RET00590,ORD007289,2025-06-23,Size/Fit,Approved,4241.45,100,307.92
RET00591,ORD007292,2025-08-02,Wrong Item,Approved,4318.83,95,175.92
RET00592,ORD007314,2025-02-03,Not as Expected,Approved,21809.1,70,348.74
RET00593,ORD007335,2025-10-02,Size/Fit,Approved,2913.95,75,96.57
RET00594,ORD007347,2025-06-20,Not as Expected,Approved,371.42,160,7.35
RET00595,ORD007386,2025-06-07,Size/Fit,Approved,1747.59,105,2.85
RET00596,ORD007396,2025-12-01,Not as Expected,Approved,1998.24,65,136.05
RET00597,ORD007417,2025-09-13,Wrong Item,Approved,24299.88,60,1498.58
RET00598,ORD007420,2025-03-22,Damaged,Approved,3349.23,115,118.31
RET00599,ORD007439,2025-07-17,Late Delivery,Approved,3596.53,80,167.18
RET00600,ORD007443,2025-10-06,Late Delivery,Rejected,0,0,0
RET00601,ORD007449,2025-12-24,Damaged,Approved,1249.15,175,57.72
RET00602,ORD007452,2025-11-07,Not as Expected,Approved,651.5,105,23.11
RET00603,ORD007468,2025-03-26,Changed Mind,Approved,4736.29,70,310.98
RET00604,ORD007517,2026-01-16,Late Delivery,Approved,12429.91,150,104.97
RET00605,ORD007521,2025-10-28,Size/Fit,Approved,5723.17,80,51.33
RET00606,ORD007523,2025-06-05,Wrong Item,Approved,14451.79,75,96.72
RET00607,ORD007529,2025-05-09,Late Delivery,Approved,4052.77,140,300.7
RET00608,ORD007550,2025-04-01,Not as Expected,Approved,3730.35,155,49.52
RET00609,ORD007551,2025-04-22,Damaged,Approved,21115.84,90,2.58
RET00610,ORD007596,2025-04-08,Size/Fit,Approved,22908.47,105,598.15
RET00611,ORD007598,2025-03-24,Changed Mind,Approved,4617.5,65,265.08
RET00612,ORD007616,2025-12-18,Late Delivery,Approved,20056.72,180,1424.85
RET00613,ORD007623,2025-08-22,Wrong Item,Approved,612.4,105,2.19
RET00614,ORD007633,2025-12-26,Changed Mind,Approved,12896.44,65,547.25
RET00615,ORD007655,2025-02-01,Late Delivery,Approved,14200.14,90,229.11
RET00616,ORD007661,2025-06-29,Damaged,Approved,3414.94,85,257.77
RET00617,ORD007676,2025-03-26,Changed Mind,Approved,12595.65,75,387.94
RET00618,ORD007680,2025-09-25,Changed Mind,Approved,27880.73,90,1477.53
RET00619,ORD007702,2025-08-19,Changed Mind,Approved,2055.89,85,100.19
RET00620,ORD007712,2025-08-03,Damaged,Approved,5652.29,100,258.37
RET00621,ORD007729,2025-05-31,Not as Expected,Approved,4950.77,180,307.56
RET00622,ORD007736,2025-07-21,Not as Expected,Approved,5115.5,145,323.53
RET00623,ORD007737,2025-11-30,Late Delivery,Approved,48534.64,135,1132.52
RET00624,ORD007752,2025-04-14,Size/Fit,Approved,2891.19,155,106.6
RET00625,ORD007753,2025-03-15,Not as Expected,Approved,6572.87,85,193.1
RET00626,ORD007767,2025-01-11,Wrong Item,Approved,57779.23,125,3775.26
RET00627,ORD007773,2025-10-30,Damaged,Approved,4982.54,155,287.31
RET00628,ORD007795,2025-05-14,Damaged,Approved,22483,45,93.02
RET00629,ORD007804,2025-03-07,Late Delivery,Approved,4500.92,170,313.43
RET00630,ORD007813,2025-12-21,Changed Mind,Approved,27891.62,150,474.67
RET00631,ORD007818,2025-05-12,Changed Mind,Approved,8712.55,85,537.82
RET00632,ORD007835,2025-02-24,Changed Mind,Approved,1951.28,50,84.6
RET00633,ORD007844,2025-07-05,Damaged,Approved,5847.62,90,456.67
RET00634,ORD007851,2025-09-29,Damaged,Approved,1980.53,165,137.96
RET00635,ORD007858,2025-06-15,Not as Expected,Approved,54442.87,95,2928.67
RET00636,ORD007863,2025-03-15,Not as Expected,Approved,14239.99,130,484.25
RET00637,ORD007899,2025-07-14,Changed Mind,Approved,2695.01,85,4.95
RET00638,ORD007909,2025-01-30,Damaged,Approved,27681.65,50,1940.34
RET00639,ORD007910,2025-03-11,Wrong Item,Approved,5829.91,175,153.57
RET00640,ORD007917,2025-03-10,Not as Expected,Approved,14474.16,115,1093.22
RET00641,ORD007933,2025-12-28,Late Delivery,Approved,4684.5,180,336.42
RET00642,ORD007935,2025-05-27,Wrong Item,Approved,7220.27,60,363.64
RET00643,ORD007936,2025-04-20,Changed Mind,Approved,24008.32,50,15.35
RET00644,ORD007941,2025-08-27,Late Delivery,Approved,2456.18,65,167.55
RET00645,ORD007943,2025-06-23,Size/Fit,Approved,2839.58,65,35.4
RET00646,ORD007954,2025-06-13,Not as Expected,Approved,6179.77,85,203.27
RET00647,ORD007980,2025-07-19,Size/Fit,Approved,18337.16,170,620.61
RET00648,ORD008016,2025-04-14,Size/Fit,Approved,1119.3,80,43.32
RET00649,ORD008063,2025-04-07,Late Delivery,Approved,1760.53,150,45.83
RET00650,ORD008080,2025-08-08,Size/Fit,Approved,5589.42,80,303.89
RET00651,ORD008085,2025-01-29,Size/Fit,Approved,4025.6,160,108.11
RET00652,ORD008124,2025-12-20,Not as Expected,Approved,4754.7,165,157.02
RET00653,ORD008137,2025-04-07,Damaged,Approved,3173.02,150,18.57
RET00654,ORD008140,2025-08-12,Size/Fit,Approved,4000.14,95,155.91
RET00655,ORD008143,2025-04-22,Late Delivery,Approved,703.06,95,2.42
RET00656,ORD008148,2025-01-26,Size/Fit,Approved,3096.37,125,233.61
RET00657,ORD008172,2025-09-14,Not as Expected,Approved,6115.91,125,111.54
RET00658,ORD008179,2025-12-23,Size/Fit,Approved,3572.17,155,56.5
RET00659,ORD008198,2025-05-07,Wrong Item,Approved,1449.46,170,59.41
RET00660,ORD008199,2025-09-01,Damaged,Approved,7925.22,75,150.81
RET00661,ORD008200,2025-07-11,Wrong Item,Approved,17778.15,50,212.04
RET00662,ORD008205,2025-09-15,Late Delivery,Approved,2105.57,70,28.6
RET00663,ORD008207,2025-08-11,Not as Expected,Approved,14903.2,155,617.66
RET00664,ORD008214,2025-03-09,Wrong Item,Approved,12769.34,75,829.25
RET00665,ORD008241,2026-01-12,Not as Expected,Approved,4149.45,170,183.04
RET00666,ORD008275,2025-08-28,Damaged,Approved,5855,95,107.68
RET00667,ORD008295,2025-08-22,Changed Mind,Approved,7189.03,85,568.21
RET00668,ORD008297,2025-10-16,Late Delivery,Approved,10446.19,115,724.68
RET00669,ORD008303,2025-04-08,Size/Fit,Approved,13620.88,110,305.63
RET00670,ORD008319,2025-02-20,Changed Mind,Approved,2419.27,125,18.62
RET00671,ORD008354,2025-11-01,Wrong Item,Approved,1686.06,155,38.89
RET00672,ORD008355,2025-11-21,Changed Mind,Approved,3243.71,80,250.61
RET00673,ORD008381,2025-03-06,Not as Expected,Approved,3200.16,130,222.43
RET00674,ORD008384,2025-03-11,Size/Fit,Approved,3501.05,115,181.51
RET00675,ORD008398,2025-05-09,Not as Expected,Approved,2518.97,85,138.27
RET00676,ORD008426,2025-06-12,Not as Expected,Approved,10402.91,75,299.93
RET00677,ORD008433,2025-04-26,Not as Expected,Approved,6091.04,80,331.97
RET00678,ORD008434,2025-10-24,Not as Expected,Approved,8893.93,170,47.79
RET00679,ORD008484,2025-04-23,Wrong Item,Approved,3705.51,130,262.04
RET00680,ORD008505,2026-01-03,Damaged,Approved,3975.63,65,264.56
RET00681,ORD008509,2025-09-16,Not as Expected,Approved,2469.55,100,6.73
RET00682,ORD008512,2025-03-25,Changed Mind,Approved,4935.44,175,186.93
RET00683,ORD008521,2025-10-31,Size/Fit,Approved,6472.42,130,231.8
RET00684,ORD008522,2025-03-14,Late Delivery,Approved,624.92,135,18.04
RET00685,ORD008538,2025-11-18,Changed Mind,Approved,17010.1,85,1241.26
RET00686,ORD008549,2025-03-17,Late Delivery,Approved,12708.42,55,311.62
RET00687,ORD008553,2025-10-26,Damaged,Approved,18321.01,65,636.48
RET00688,ORD008566,2025-12-24,Late Delivery,Approved,3529.97,105,158.56
RET00689,ORD008574,2025-10-17,Not as Expected,Approved,2261.45,45,39.32
RET00690,ORD008583,2025-07-16,Changed Mind,Approved,7890.12,155,476.74
RET00691,ORD008586,2025-06-25,Damaged,Approved,9577.97,90,541.72
RET00692,ORD008604,2025-07-31,Damaged,Approved,2732.1,175,132.54
RET00693,ORD008615,2025-03-02,Damaged,Approved,7805.17,140,519.76
RET00694,ORD008652,2025-11-17,Not as Expected,Approved,2066.57,160,28.14
RET00695,ORD008680,2025-07-16,Not as Expected,Approved,3637.02,170,241.74
RET00696,ORD008704,2025-04-09,Changed Mind,Approved,39731.66,165,2977.25
RET00697,ORD008714,2025-05-29,Changed Mind,Approved,7874.82,85,390.16
RET00698,ORD008715,2025-01-30,Damaged,Approved,36502.52,145,1081.9
RET00699,ORD008733,2025-05-27,Damaged,Approved,5968.28,100,364.64
RET00700,ORD008734,2025-03-02,Size/Fit,Approved,36815.56,160,1259.29
RET00701,ORD008745,2025-11-19,Not as Expected,Approved,8233.35,155,260.39
RET00702,ORD008771,2025-09-28,Late Delivery,Approved,809.63,120,58.88
RET00703,ORD008780,2025-02-06,Changed Mind,Approved,3564.93,115,214.2
RET00704,ORD008786,2025-03-05,Changed Mind,Approved,2195.66,125,82.86
RET00705,ORD008788,2025-05-13,Changed Mind,Approved,2548.89,105,46.71
RET00706,ORD008840,2025-04-14,Not as Expected,Approved,4503.26,170,63.27
RET00707,ORD008844,2026-01-12,Wrong Item,Approved,5970.71,55,385.51
RET00708,ORD008888,2025-04-01,Size/Fit,Approved,3642.29,60,67.94
RET00709,ORD008908,2026-01-09,Wrong Item,Approved,1463.69,95,34.46
RET00710,ORD008916,2025-11-20,Damaged,Approved,12907.28,135,105.58
RET00711,ORD008939,2025-06-24,Wrong Item,Approved,6113.13,85,31.28
RET00712,ORD008942,2025-08-18,Changed Mind,Approved,3930.55,145,2.52
RET00713,ORD008945,2025-03-12,Size/Fit,Approved,5252.75,165,269.09
RET00714,ORD008958,2025-06-01,Changed Mind,Approved,7054.45,140,120.67
RET00715,ORD008982,2025-10-06,Changed Mind,Approved,6353.44,80,215.13
RET00716,ORD009033,2025-07-11,Wrong Item,Approved,25624.26,135,1366.71
RET00717,ORD009077,2025-12-27,Wrong Item,Approved,19974.97,55,1169.35
RET00718,ORD009114,2025-05-11,Damaged,Approved,14160.65,55,568.34
RET00719,ORD009151,2025-08-03,Wrong Item,Approved,5992.87,90,272.36
RET00720,ORD009169,2025-11-23,Not as Expected,Approved,3429.63,70,130.21
RET00721,ORD009175,2025-09-07,Not as Expected,Approved,7758.93,115,234.32
RET00722,ORD009191,2025-08-05,Size/Fit,Approved,13472.68,170,1007.88
RET00723,ORD009209,2025-09-18,Size/Fit,Approved,4163.88,85,141.63
RET00724,ORD009210,2025-03-24,Not as Expected,Approved,6804.93,100,64.39
RET00725,ORD009250,2025-03-11,Not as Expected,Approved,1184.16,45,24.13
RET00726,ORD009264,2025-06-24,Size/Fit,Approved,2698.68,65,30.56
RET00727,ORD009266,2025-08-24,Size/Fit,Approved,2973,100,230.95
RET00728,ORD009273,2025-03-30,Size/Fit,Approved,23122.56,130,225.24
RET00729,ORD009303,2025-11-21,Wrong Item,Approved,8468.63,130,351.71
RET00730,ORD009306,2025-04-06,Changed Mind,Approved,1216.82,125,40.55
RET00731,ORD009320,2025-09-22,Wrong Item,Approved,12514.08,175,381.47
RET00732,ORD009330,2025-10-03,Damaged,Approved,5984.85,150,327.93
RET00733,ORD009332,2025-06-09,Damaged,Approved,3990.29,130,282.15
RET00734,ORD009338,2025-12-16,Damaged,Approved,47554.39,160,2671.49
RET00735,ORD009339,2025-05-02,Damaged,Approved,23567.3,135,1193.65
RET00736,ORD009340,2025-09-02,Damaged,Approved,1604.77,150,11.15
RET00737,ORD009362,2025-08-29,Size/Fit,Approved,3774.72,60,96.14
RET00738,ORD009395,2025-07-24,Size/Fit,Approved,6087.37,145,127.84
RET00739,ORD009423,2026-01-02,Size/Fit,Approved,6305.78,120,232.16
RET00740,ORD009431,2025-11-18,Wrong Item,Approved,546.4,70,33.66
RET00741,ORD009436,2025-02-10,Damaged,Approved,3729.23,160,236.37
RET00742,ORD009472,2025-11-21,Size/Fit,Approved,2283.15,155,103.1
RET00743,ORD009484,2025-08-07,Not as Expected,Approved,30647,130,1262.82
RET00744,ORD009494,2025-05-07,Wrong Item,Approved,3372.45,55,26.36
RET00745,ORD009502,2025-06-03,Size/Fit,Approved,2387.28,160,117.89
RET00746,ORD009532,2025-02-13,Damaged,Approved,9794.98,60,312.58
RET00747,ORD009535,2025-11-05,Damaged,Approved,6974.89,60,416.73
RET00748,ORD009537,2025-10-13,Damaged,Approved,49016.16,85,2581.5
RET00749,ORD009544,2025-12-11,Wrong Item,Approved,9714.41,165,283.04
RET00750,ORD009575,2025-08-05,Not as Expected,Approved,1338.46,170,40
RET00751,ORD009580,2025-09-16,Wrong Item,Approved,11907.64,110,365.84
RET00752,ORD009586,2025-09-07,Size/Fit,Approved,7217.08,130,185.15
RET00753,ORD009600,2025-09-24,Size/Fit,Approved,9147.21,65,372.86
RET00754,ORD009604,2025-05-02,Not as Expected,Approved,2861.12,50,5.98
RET00755,ORD009612,2025-11-11,Changed Mind,Approved,2240.65,45,77.01
RET00756,ORD009631,2025-05-20,Wrong Item,Approved,13904.93,70,712.02
RET00757,ORD009639,2025-11-26,Changed Mind,Approved,6336.45,70,317.94
RET00758,ORD009640,2025-08-20,Size/Fit,Approved,3620.74,85,108.27
RET00759,ORD009643,2025-07-27,Not as Expected,Approved,3956.15,50,174.4
RET00760,ORD009656,2025-05-15,Changed Mind,Approved,1799.54,45,60.14
RET00761,ORD009658,2025-05-13,Changed Mind,Approved,2311.98,155,94.7
RET00762,ORD009659,2025-12-01,Size/Fit,Approved,1760.16,110,63.21
RET00763,ORD009664,2025-12-04,Not as Expected,Approved,1109.21,80,8.68
RET00764,ORD009675,2025-02-10,Size/Fit,Approved,865.67,100,60.68
RET00765,ORD009685,2025-02-20,Damaged,Approved,8123.04,110,380.65
RET00766,ORD009698,2025-06-29,Size/Fit,Approved,2799.23,45,197.6
RET00767,ORD009700,2025-08-01,Damaged,Approved,1537.54,170,112.29
RET00768,ORD009721,2025-11-14,Not as Expected,Approved,13245.56,60,955.28
RET00769,ORD009743,2025-09-15,Size/Fit,Approved,620.51,135,26.77
RET00770,ORD009767,2025-11-20,Changed Mind,Approved,3621.04,145,96.34
RET00771,ORD009772,2025-05-21,Late Delivery,Approved,13110.95,180,164.58
RET00772,ORD009789,2025-08-25,Damaged,Approved,598.95,145,16.27
RET00773,ORD009818,2025-04-23,Damaged,Approved,5149.39,115,77.58
RET00774,ORD009839,2025-08-19,Not as Expected,Approved,49261.91,120,3858.08
RET00775,ORD009848,2025-08-14,Not as Expected,Approved,5968.2,115,444.44
RET00776,ORD009857,2025-02-15,Size/Fit,Approved,4547.19,115,154.87
RET00777,ORD009876,2025-02-14,Damaged,Approved,3415.41,165,201.77
RET00778,ORD009880,2025-08-17,Not as Expected,Approved,6868.06,135,421.44
RET00779,ORD009886,2025-05-16,Changed Mind,Approved,2757.93,60,76.81
RET00780,ORD009888,2025-04-06,Changed Mind,Approved,5702.86,60,294.73
RET00781,ORD009896,2025-07-10,Size/Fit,Approved,7323.43,90,476.35
RET00782,ORD009897,2025-03-14,Changed Mind,Approved,4609,100,112.32
RET00783,ORD009909,2025-01-21,Late Delivery,Approved,5464.46,150,153.4
RET00784,ORD009927,2025-02-19,Size/Fit,Approved,1176.94,75,18.12
RET00785,ORD009959,2025-12-27,Late Delivery,Approved,6269.24,145,416.94
RET00786,ORD009961,2025-01-15,Changed Mind,Approved,5301.3,125,199.27
RET00787,ORD009981,2025-12-29,Not as Expected,Approved,6202.93,70,284.36
RET00788,ORD010009,2025-11-09,Not as Expected,Approved,25296.01,50,540.37
RET00789,ORD010017,2025-01-10,Changed Mind,Approved,2530.14,140,3.01
RET00790,ORD010018,2025-10-24,Late Delivery,Approved,502.98,105,5.02
RET00791,ORD010041,2025-07-09,Changed Mind,Approved,19839.46,70,47.38
RET00792,ORD010042,2025-01-20,Damaged,Approved,4365.96,130,194.08
RET00793,ORD010051,2025-11-25,Wrong Item,Approved,15070.49,85,1109.11
RET00794,ORD010060,2026-01-04,Late Delivery,Approved,8834.69,75,192.11
RET00795,ORD010075,2025-08-03,Size/Fit,Approved,1472.89,65,0.7
RET00796,ORD010077,2025-10-07,Size/Fit,Approved,2678.44,140,94.43
RET00797,ORD010083,2025-10-29,Damaged,Approved,10556.63,120,450.22
RET00798,ORD010095,2025-07-10,Late Delivery,Approved,7788.62,140,565.27
RET00799,ORD010100,2025-11-19,Damaged,Approved,7221.78,100,122.03
RET00800,ORD010108,2025-10-25,Size/Fit,Rejected,0,0,0
RET00801,ORD010114,2025-10-03,Size/Fit,Approved,1960.55,100,95.01
RET00802,ORD010152,2025-03-11,Not as Expected,Approved,2361.77,155,42.64
RET00803,ORD010172,2025-06-21,Changed Mind,Approved,17608.01,95,1315.92
RET00804,ORD010185,2025-06-12,Changed Mind,Approved,14834.55,150,1005.15
RET00805,ORD010192,2025-01-15,Damaged,Approved,8211.92,120,97.63
RET00806,ORD010195,2025-03-24,Size/Fit,Approved,6687.17,110,404.84
RET00807,ORD010196,2025-10-29,Wrong Item,Approved,2597.02,70,173.62
RET00808,ORD010197,2025-12-14,Size/Fit,Approved,3384.68,65,142.69
RET00809,ORD010206,2025-05-25,Not as Expected,Approved,18317.04,115,8.67
RET00810,ORD010227,2025-09-18,Size/Fit,Approved,5045.96,85,223.4
RET00811,ORD010235,2025-11-14,Size/Fit,Approved,904.65,130,67.53
RET00812,ORD010238,2025-10-20,Not as Expected,Approved,4063.45,90,169.23
RET00813,ORD010245,2025-12-12,Not as Expected,Approved,3887.83,170,177.56
RET00814,ORD010249,2025-10-14,Size/Fit,Approved,1764.07,135,95.35
RET00815,ORD010252,2025-01-12,Not as Expected,Approved,8564.68,135,651.86
RET00816,ORD010253,2025-02-27,Not as Expected,Approved,21164.63,50,1296.75
RET00817,ORD010255,2025-06-11,Wrong Item,Approved,4857.76,120,340.81
RET00818,ORD010267,2025-06-25,Late Delivery,Approved,8666.28,90,664.31
RET00819,ORD010274,2025-05-11,Damaged,Approved,3508.87,170,185.73
RET00820,ORD010290,2025-10-02,Late Delivery,Approved,3026.81,85,77.73
RET00821,ORD010293,2025-04-15,Not as Expected,Rejected,0,0,0
RET00822,ORD010311,2025-11-28,Not as Expected,Approved,3266.39,155,231.17
RET00823,ORD010323,2025-10-12,Not as Expected,Approved,5302.45,110,187.32
RET00824,ORD010330,2025-08-28,Damaged,Approved,26307.16,160,536.66
RET00825,ORD010379,2025-09-17,Size/Fit,Approved,3960.47,90,35.57
RET00826,ORD010391,2025-02-14,Damaged,Approved,1038.86,125,15.43
RET00827,ORD010401,2025-05-30,Not as Expected,Approved,7937.73,165,136.63
RET00828,ORD010412,2025-03-25,Size/Fit,Approved,1880.59,155,146.48
RET00829,ORD010440,2025-05-12,Changed Mind,Rejected,0,0,0
RET00830,ORD010442,2025-03-13,Not as Expected,Approved,652.97,175,9.13
RET00831,ORD010460,2025-06-04,Damaged,Approved,29887.48,175,2373.62
RET00832,ORD010477,2025-12-10,Not as Expected,Approved,2887.45,145,121.81
RET00833,ORD010479,2025-01-17,Not as Expected,Approved,723.37,85,52.14
RET00834,ORD010482,2025-07-15,Wrong Item,Approved,23233.67,120,495.74
RET00835,ORD010489,2026-01-05,Wrong Item,Approved,3670.72,75,165.08
RET00836,ORD010526,2025-04-07,Not as Expected,Approved,2505.98,100,85.04
RET00837,ORD010539,2025-07-07,Late Delivery,Approved,1792.01,85,129.39
RET00838,ORD010560,2025-01-26,Damaged,Approved,4342.69,110,243.68
RET00839,ORD010589,2025-02-24,Not as Expected,Approved,3581.95,110,153.66
RET00840,ORD010593,2025-03-02,Not as Expected,Approved,13978.34,105,390.47
RET00841,ORD010610,2025-08-03,Size/Fit,Approved,19123.38,80,1524.16
RET00842,ORD010619,2025-11-05,Damaged,Approved,5413.96,105,125.76
RET00843,ORD010623,2025-09-08,Not as Expected,Approved,6919.17,125,129.72
RET00844,ORD010661,2025-08-24,Late Delivery,Approved,54954.04,110,2531.67
RET00845,ORD010670,2025-07-11,Size/Fit,Approved,2382.3,155,129.49
RET00846,ORD010673,2025-03-15,Size/Fit,Approved,3995.89,45,100.11
RET00847,ORD010680,2025-11-21,Not as Expected,Approved,3807.22,130,165.59
RET00848,ORD010684,2025-04-22,Late Delivery,Approved,8330.19,85,136.57
RET00849,ORD010685,2025-04-19,Damaged,Approved,5122.03,115,91.76
RET00850,ORD010696,2025-08-30,Size/Fit,Approved,1288.17,135,62.89
RET00851,ORD010710,2025-05-24,Damaged,Approved,4708.57,50,59.8
RET00852,ORD010759,2025-06-20,Changed Mind,Approved,1213.6,80,19.29
RET00853,ORD010760,2025-08-25,Late Delivery,Approved,6502.91,90,296.63
RET00854,ORD010790,2025-12-28,Wrong Item,Approved,17373.69,80,698.05
RET00855,ORD010814,2025-12-18,Changed Mind,Approved,24149.74,80,705.49
RET00856,ORD010849,2025-03-25,Not as Expected,Approved,52151.01,160,1040.71
RET00857,ORD010885,2025-11-12,Size/Fit,Approved,4489.76,100,32.8
RET00858,ORD010886,2025-08-02,Not as Expected,Approved,14613.09,145,761.18
RET00859,ORD010898,2025-05-10,Damaged,Approved,31820.8,155,1060.59
RET00860,ORD010902,2025-03-08,Size/Fit,Approved,14327.74,50,430.31
RET00861,ORD010919,2025-08-28,Size/Fit,Approved,1314.84,175,4.82
RET00862,ORD010942,2025-10-10,Wrong Item,Approved,10931.2,175,682.86
RET00863,ORD010943,2025-11-04,Late Delivery,Approved,2342.48,140,50.93
RET00864,ORD010958,2025-04-27,Changed Mind,Approved,4370.65,60,184.78
RET00865,ORD010961,2025-12-13,Changed Mind,Approved,29459.72,90,1734.16
RET00866,ORD010982,2025-10-27,Not as Expected,Approved,8236.61,100,99.48
RET00867,ORD010985,2025-03-27,Not as Expected,Approved,3541.14,160,17.4
RET00868,ORD010988,2025-05-28,Size/Fit,Approved,5288.67,75,353.47
RET00869,ORD010991,2025-01-26,Late Delivery,Approved,3335.61,110,174.16
RET00870,ORD011017,2025-01-18,Late Delivery,Approved,6033.56,145,373.87
RET00871,ORD011035,2025-11-22,Late Delivery,Approved,32322.4,115,1439.92
RET00872,ORD011052,2025-09-02,Wrong Item,Approved,1204.84,45,93.21
RET00873,ORD011065,2025-02-26,Not as Expected,Rejected,0,0,0
RET00874,ORD011076,2025-11-06,Late Delivery,Approved,4044.66,110,72.86
RET00875,ORD011089,2025-07-25,Wrong Item,Approved,5963.84,80,1.27
RET00876,ORD011091,2025-02-01,Changed Mind,Approved,4424.03,50,13.73
RET00877,ORD011139,2025-10-10,Not as Expected,Approved,634.18,105,26.34
RET00878,ORD011140,2025-04-16,Not as Expected,Approved,1098.82,180,11.83
RET00879,ORD011141,2025-09-11,Changed Mind,Approved,17506.81,80,1224.22
RET00880,ORD011142,2025-02-21,Not as Expected,Approved,18494.68,170,793.26
RET00881,ORD011158,2025-07-03,Damaged,Approved,6398.2,160,432.56
RET00882,ORD011162,2025-04-22,Changed Mind,Approved,1146.06,175,16.41
RET00883,ORD011181,2025-02-02,Wrong Item,Approved,16220.23,100,32.62
RET00884,ORD011182,2025-03-07,Size/Fit,Approved,17468.69,125,647.18
RET00885,ORD011189,2025-03-11,Size/Fit,Approved,3133.78,65,140.61
RET00886,ORD011193,2025-08-17,Size/Fit,Approved,1437.48,155,8.29
RET00887,ORD011197,2025-08-08,Damaged,Approved,3942.94,50,79.24
RET00888,ORD011254,2025-02-25,Not as Expected,Approved,11166.37,155,560.13
RET00889,ORD011272,2026-01-18,Damaged,Approved,27622.21,70,947.92
RET00890,ORD011277,2025-07-28,Late Delivery,Approved,4331.48,50,150.89
RET00891,ORD011304,2025-03-22,Changed Mind,Approved,486.83,95,1.19
RET00892,ORD011305,2025-03-16,Late Delivery,Approved,3414.25,125,158.33
RET00893,ORD011366,2025-10-19,Not as Expected,Approved,8478.83,125,186.39
RET00894,ORD011369,2025-11-24,Size/Fit,Approved,3867.58,160,303.29
RET00895,ORD011385,2025-02-18,Late Delivery,Approved,2641.68,155,203.32
RET00896,ORD011399,2025-10-10,Wrong Item,Approved,6577.97,60,132.59
RET00897,ORD011432,2025-07-25,Damaged,Approved,1276.12,140,81.29
RET00898,ORD011442,2025-08-02,Late Delivery,Approved,77080.11,150,5475.56
RET00899,ORD011446,2025-12-23,Damaged,Approved,8552.95,90,273.47
RET00900,ORD011466,2025-04-16,Not as Expected,Approved,6071.75,175,97.5
RET00901,ORD011469,2025-11-15,Damaged,Approved,11365.42,45,493.84
RET00902,ORD011470,2025-03-13,Late Delivery,Approved,38154.14,145,1459.66
RET00903,ORD011476,2025-07-20,Damaged,Approved,29390.35,105,1775.86
RET00904,ORD011479,2025-12-18,Not as Expected,Approved,4771.37,100,292.93
RET00905,ORD011496,2025-06-25,Not as Expected,Approved,15277.16,155,783.83
RET00906,ORD011504,2025-09-14,Wrong Item,Approved,2896.07,105,64.45
RET00907,ORD011515,2025-06-29,Size/Fit,Approved,2514.81,75,102.52
RET00908,ORD011517,2025-12-29,Changed Mind,Approved,6967.08,145,229.1
RET00909,ORD011520,2025-12-13,Damaged,Approved,4553.33,150,193.29
RET00910,ORD011544,2025-01-24,Late Delivery,Approved,13848.67,135,462.48
RET00911,ORD011554,2025-02-23,Late Delivery,Approved,4788.61,65,67.11
RET00912,ORD011561,2025-11-26,Changed Mind,Approved,7633.04,60,65.64
RET00913,ORD011576,2025-06-10,Size/Fit,Approved,5821.11,135,127.35
RET00914,ORD011606,2025-05-16,Damaged,Approved,685.05,100,49.49
RET00915,ORD011609,2025-03-14,Size/Fit,Approved,7533.57,95,547.22
RET00916,ORD011612,2025-10-10,Size/Fit,Approved,29325.51,115,1040.13
RET00917,ORD011626,2025-10-03,Late Delivery,Approved,1824.31,50,55.16
RET00918,ORD011628,2025-05-05,Damaged,Approved,5922.71,140,132.36
RET00919,ORD011635,2025-05-15,Not as Expected,Approved,617.85,55,47.76
RET00920,ORD011652,2025-01-23,Damaged,Approved,4992.07,65,294.2
RET00921,ORD011657,2025-11-01,Size/Fit,Approved,4100.01,55,84.37
RET00922,ORD011691,2025-06-01,Late Delivery,Approved,9920.32,100,294.69
RET00923,ORD011707,2025-08-08,Damaged,Approved,778.04,135,51.24
RET00924,ORD011722,2025-07-19,Not as Expected,Rejected,0,0,0
RET00925,ORD011728,2025-07-19,Changed Mind,Approved,5668.68,90,175.45
RET00926,ORD011741,2025-05-10,Not as Expected,Approved,5563.56,105,199.08
RET00927,ORD011750,2025-11-15,Changed Mind,Approved,954.61,50,23.09
RET00928,ORD011767,2025-07-05,Size/Fit,Approved,4656.31,45,25.46
RET00929,ORD011772,2025-07-28,Not as Expected,Approved,2765.18,130,45.17
RET00930,ORD011775,2025-05-26,Size/Fit,Approved,11272.3,110,882.21
RET00931,ORD011794,2025-08-25,Changed Mind,Approved,9225.21,150,258.2
RET00932,ORD011796,2025-10-09,Damaged,Approved,6758.3,130,402.88
RET00933,ORD011818,2025-10-25,Size/Fit,Approved,11283.73,105,633.18
RET00934,ORD011819,2025-01-18,Size/Fit,Approved,4489.51,65,350.98
RET00935,ORD011823,2025-02-20,Not as Expected,Approved,17797.86,80,555.89
RET00936,ORD011877,2025-03-09,Not as Expected,Approved,1090.16,160,8.83
RET00937,ORD011878,2025-02-17,Late Delivery,Approved,4020.83,95,24.91
RET00938,ORD011884,2025-04-05,Late Delivery,Approved,6145.65,85,56.65
RET00939,ORD011886,2025-07-06,Changed Mind,Approved,5140.44,85,112.46
RET00940,ORD011897,2025-06-14,Size/Fit,Approved,1623.52,145,10.35
RET00941,ORD011909,2025-08-13,Not as Expected,Approved,874.28,55,40.51
RET00942,ORD011941,2025-05-23,Damaged,Approved,609.05,175,13.39
RET00943,ORD011968,2025-04-08,Changed Mind,Approved,18839.71,120,1374.25
RET00944,ORD012002,2025-10-15,Damaged,Approved,53324.34,110,469.93
RET00945,ORD012003,2025-09-26,Wrong Item,Approved,1071.93,50,11.36
RET00946,ORD012009,2025-02-01,Changed Mind,Approved,23249.17,175,1067.48
RET00947,ORD012066,2025-04-06,Wrong Item,Approved,7126.45,120,441.75
RET00948,ORD012084,2025-11-22,Changed Mind,Approved,10442.03,170,649.81
RET00949,ORD012130,2026-01-01,Not as Expected,Approved,1169.74,150,33.49
RET00950,ORD012133,2026-01-05,Not as Expected,Approved,46443.17,55,3004.56
RET00951,ORD012136,2025-10-31,Size/Fit,Approved,2827.25,45,164.28
RET00952,ORD012152,2025-09-09,Damaged,Approved,11262.93,75,160.94
RET00953,ORD012169,2025-03-11,Changed Mind,Approved,3049.63,150,85.12
RET00954,ORD012179,2025-08-12,Damaged,Approved,6757.56,160,232.21
RET00955,ORD012190,2025-01-06,Not as Expected,Approved,3340.54,80,73.78
RET00956,ORD012215,2025-01-26,Late Delivery,Approved,4448.62,115,4.14
RET00957,ORD012235,2025-02-14,Late Delivery,Approved,1031.91,140,51.03
RET00958,ORD012267,2025-07-16,Not as Expected,Approved,4850.37,180,287
RET00959,ORD012292,2025-10-11,Size/Fit,Approved,2740.29,135,48.62
RET00960,ORD012302,2025-03-20,Not as Expected,Approved,3718.9,105,248.29
RET00961,ORD012304,2025-11-04,Changed Mind,Approved,647.64,110,4.11
RET00962,ORD012317,2025-10-22,Size/Fit,Approved,3914.44,115,158.85
RET00963,ORD012346,2025-05-20,Changed Mind,Approved,3843.84,100,167.49
RET00964,ORD012357,2025-03-24,Not as Expected,Approved,1519.08,155,76.43
RET00965,ORD012365,2025-05-01,Size/Fit,Approved,2850.97,140,15.82
RET00966,ORD012366,2025-12-14,Damaged,Approved,3666.32,90,30.58
RET00967,ORD012369,2025-04-13,Not as Expected,Approved,13621.63,130,309.11
RET00968,ORD012379,2025-11-14,Wrong Item,Approved,4255.93,115,112.88
RET00969,ORD012394,2025-11-16,Changed Mind,Approved,7260.85,60,77.66
RET00970,ORD012409,2025-02-10,Late Delivery,Approved,693.59,175,20.74
RET00971,ORD012416,2026-01-08,Damaged,Approved,51589.73,145,605.29
RET00972,ORD012425,2025-06-03,Late Delivery,Approved,1596.82,100,30.61
RET00973,ORD012440,2025-09-29,Damaged,Approved,15011.19,155,765.46
RET00974,ORD012460,2025-12-22,Late Delivery,Approved,16644.16,80,999.27
RET00975,ORD012469,2025-09-30,Wrong Item,Approved,8157.48,70,193.35
RET00976,ORD012473,2025-09-18,Damaged,Approved,27171.47,165,259.68
RET00977,ORD012476,2025-02-06,Late Delivery,Approved,2895.31,70,11.18
RET00978,ORD012483,2025-07-23,Wrong Item,Approved,55007.85,170,2259.45
RET00979,ORD012484,2025-05-10,Changed Mind,Approved,21079.4,170,291.94
RET00980,ORD012494,2025-12-24,Damaged,Approved,1367.12,60,4.72
RET00981,ORD012503,2025-09-19,Size/Fit,Approved,676.91,120,16.17
RET00982,ORD012506,2025-09-09,Late Delivery,Approved,3997.59,140,86.8
RET00983,ORD012510,2025-03-01,Size/Fit,Approved,4060.26,70,70.57
RET00984,ORD012525,2025-11-22,Size/Fit,Approved,844.92,100,48.73
RET00985,ORD012547,2025-07-03,Changed Mind,Approved,14940.67,55,353.47
RET00986,ORD012565,2025-11-13,Size/Fit,Approved,5469.22,100,32.65
RET00987,ORD012577,2025-10-24,Changed Mind,Approved,2618.97,175,101.34
RET00988,ORD012584,2025-03-17,Late Delivery,Approved,25836.59,70,1659.06
RET00989,ORD012588,2025-06-24,Damaged,Approved,12344.93,60,736.01
RET00990,ORD012622,2025-10-16,Damaged,Approved,12260.94,120,732.66
RET00991,ORD012640,2025-08-04,Size/Fit,Approved,1313.79,175,85.59
RET00992,ORD012641,2025-04-30,Late Delivery,Approved,7514.64,165,256.87
RET00993,ORD012644,2025-09-27,Damaged,Approved,25155.31,130,411.95
RET00994,ORD012653,2025-05-11,Not as Expected,Approved,34058.91,65,554.86
RET00995,ORD012663,2025-05-23,Size/Fit,Approved,3508.11,60,239.08
RET00996,ORD012675,2025-12-01,Not as Expected,Approved,11356.9,125,445.93
RET00997,ORD012684,2025-04-11,Damaged,Approved,4837.18,145,106.56
RET00998,ORD012732,2026-01-08,Late Delivery,Approved,76853.46,65,5751.73
RET00999,ORD012738,2025-09-12,Not as Expected,Approved,19776.59,55,921.87
RET01000,ORD012740,2025-11-17,Not as Expected,Approved,1336.85,155,50.14
RET01001,ORD012764,2026-01-03,Not as Expected,Approved,2730.48,90,129.19
RET01002,ORD012789,2025-05-02,Damaged,Approved,7349.24,130,539.49
RET01003,ORD012846,2025-04-06,Not as Expected,Approved,20703.23,95,526.23
RET01004,ORD012860,2025-03-23,Wrong Item,Approved,5986.18,130,149.33
RET01005,ORD012880,2025-11-06,Wrong Item,Approved,31006.19,50,1937.45
RET01006,ORD012894,2025-03-13,Not as Expected,Approved,463.77,120,35.27
RET01007,ORD012936,2025-02-24,Damaged,Approved,2268.99,75,50.69
RET01008,ORD012938,2025-05-04,Changed Mind,Approved,4614.69,150,327.54
RET01009,ORD012941,2025-11-09,Late Delivery,Approved,43003.68,65,377.2
RET01010,ORD012959,2025-12-24,Not as Expected,Approved,14336.75,55,44.49
RET01011,ORD012972,2025-10-05,Not as Expected,Approved,3007.26,140,13.89
RET01012,ORD012975,2025-05-18,Damaged,Approved,3339.6,160,130.81
RET01013,ORD012979,2025-05-29,Size/Fit,Approved,505.64,65,9.37
RET01014,ORD013000,2025-04-22,Not as Expected,Approved,11654.21,165,927.04
RET01015,ORD013003,2025-07-27,Not as Expected,Approved,2903.77,120,122.11
RET01016,ORD013006,2025-03-08,Wrong Item,Approved,14389.16,70,757.47
RET01017,ORD013026,2025-12-12,Late Delivery,Approved,9057.73,55,374.47
RET01018,ORD013074,2025-06-16,Size/Fit,Approved,5275.77,50,53.86
RET01019,ORD013080,2025-03-17,Size/Fit,Approved,13934.33,125,500.89
RET01020,ORD013134,2025-05-10,Not as Expected,Approved,532.86,90,22.46
RET01021,ORD013135,2025-08-24,Not as Expected,Approved,8273.23,95,435.07
RET01022,ORD013146,2025-05-30,Damaged,Approved,4287.47,115,5.49
RET01023,ORD013148,2025-01-18,Wrong Item,Approved,1150.66,70,14.88
RET01024,ORD013159,2025-07-16,Wrong Item,Approved,1878.71,140,72.65
RET01025,ORD013162,2025-03-12,Damaged,Approved,77679.35,45,2780.78
RET01026,ORD013179,2025-07-20,Wrong Item,Approved,13772.5,155,389.52
RET01027,ORD013183,2025-02-21,Damaged,Approved,4281.47,85,79.33
RET01028,ORD013188,2025-12-23,Late Delivery,Approved,4717.11,80,89.38
RET01029,ORD013212,2025-09-22,Changed Mind,Approved,3006.17,150,111.89
RET01030,ORD013272,2025-03-08,Late Delivery,Approved,2095.76,75,155.51
RET01031,ORD013280,2025-02-10,Damaged,Approved,1971.74,125,28.04
RET01032,ORD013310,2025-05-16,Size/Fit,Approved,2503.79,110,158.81
RET01033,ORD013320,2025-03-17,Not as Expected,Approved,3160.89,60,58.77
RET01034,ORD013357,2025-07-31,Not as Expected,Approved,4216.97,50,91.65
RET01035,ORD013361,2025-08-02,Changed Mind,Approved,6722.44,90,457.8
RET01036,ORD013369,2025-09-18,Changed Mind,Approved,1502.81,115,40.75
RET01037,ORD013381,2025-08-08,Changed Mind,Approved,6779.55,140,266.33
RET01038,ORD013382,2025-08-17,Damaged,Approved,22783.12,50,1520.22
RET01039,ORD013384,2025-09-06,Size/Fit,Approved,4993.78,80,166.8
RET01040,ORD013421,2025-05-20,Changed Mind,Approved,10049.06,90,648.84
RET01041,ORD013425,2025-10-08,Wrong Item,Approved,16954.15,165,1121.59
RET01042,ORD013432,2025-04-12,Size/Fit,Approved,4583.68,100,229.03
RET01043,ORD013434,2025-11-15,Size/Fit,Approved,4944.82,140,64.55
RET01044,ORD013465,2025-05-26,Size/Fit,Approved,12688.21,165,635.64
RET01045,ORD013488,2025-05-16,Not as Expected,Approved,22770.72,115,1614.25
RET01046,ORD013499,2025-03-06,Changed Mind,Approved,1032.39,90,79
RET01047,ORD013536,2025-07-31,Late Delivery,Approved,7794,175,114.36
RET01048,ORD013537,2025-07-09,Late Delivery,Approved,2804.72,160,195.8
RET01049,ORD013544,2025-01-28,Late Delivery,Approved,7283.87,75,412.7
RET01050,ORD013552,2026-01-13,Not as Expected,Approved,5073.42,170,267.66
RET01051,ORD013570,2025-05-20,Wrong Item,Approved,860.65,80,29.5
RET01052,ORD013619,2025-07-07,Size/Fit,Approved,5751.27,175,362.88
RET01053,ORD013626,2025-12-20,Not as Expected,Approved,5007.1,115,59.94
RET01054,ORD013644,2025-04-10,Changed Mind,Approved,660.46,125,42.55
RET01055,ORD013651,2025-12-01,Changed Mind,Approved,2568.15,75,43.28
RET01056,ORD013656,2025-06-29,Changed Mind,Approved,6363.47,155,342.4
RET01057,ORD013678,2025-09-24,Damaged,Approved,22959.71,100,1532.17
RET01058,ORD013687,2025-03-23,Wrong Item,Approved,3205.05,140,0.73
RET01059,ORD013691,2026-01-11,Late Delivery,Approved,1581.33,95,13.8
RET01060,ORD013705,2025-02-01,Damaged,Approved,13286.93,170,717.26
RET01061,ORD013708,2025-07-08,Not as Expected,Approved,11954.67,105,391.52
RET01062,ORD013739,2025-10-25,Wrong Item,Approved,21928.63,60,1700.79
RET01063,ORD013742,2025-05-29,Not as Expected,Approved,3779.92,125,246.81
RET01064,ORD013754,2025-05-21,Not as Expected,Rejected,0,0,0
RET01065,ORD013765,2025-07-08,Changed Mind,Approved,1164.03,170,75.49
RET01066,ORD013784,2025-09-26,Changed Mind,Approved,3351.68,105,139.04
RET01067,ORD013785,2025-11-30,Late Delivery,Approved,10756.47,145,154.39
RET01068,ORD013787,2025-03-04,Not as Expected,Approved,1076.52,75,78.34
RET01069,ORD013816,2025-11-06,Not as Expected,Approved,8244.81,95,622.99
RET01070,ORD013822,2025-12-25,Not as Expected,Approved,2965.99,165,6.13
RET01071,ORD013823,2025-10-11,Changed Mind,Approved,12094.49,55,135.2
RET01072,ORD013826,2025-07-13,Not as Expected,Rejected,0,0,0
RET01073,ORD013829,2025-12-29,Changed Mind,Approved,1381.97,70,69.75
RET01074,ORD013845,2025-10-21,Late Delivery,Approved,421.24,85,30.99
RET01075,ORD013848,2025-10-16,Size/Fit,Approved,3468.26,90,14.44
RET01076,ORD013859,2025-12-22,Changed Mind,Approved,2810.23,90,214.33
RET01077,ORD013865,2025-09-27,Late Delivery,Approved,27793.13,180,453.24
RET01078,ORD013914,2025-02-26,Late Delivery,Approved,23296.4,70,1820.45
RET01079,ORD013915,2025-11-08,Late Delivery,Approved,2550.42,170,117.51
RET01080,ORD013932,2025-08-31,Wrong Item,Approved,20257.38,120,1029.72
RET01081,ORD013980,2025-02-02,Wrong Item,Approved,2267.28,180,39.71
RET01082,ORD013990,2025-10-15,Damaged,Approved,332.25,150,6.64
RET01083,ORD013991,2025-10-15,Changed Mind,Approved,16853.09,125,532.98
RET01084,ORD013997,2025-10-04,Not as Expected,Approved,4488.71,170,70.7
RET01085,ORD014021,2026-01-03,Wrong Item,Approved,15575.31,170,595.06
RET01086,ORD014039,2025-02-06,Not as Expected,Approved,595.3,160,44.2
RET01087,ORD014044,2025-01-15,Not as Expected,Approved,14633.84,50,662.73
RET01088,ORD014071,2025-08-31,Damaged,Approved,8293.81,135,191.41
RET01089,ORD014087,2025-07-11,Changed Mind,Approved,1237.17,95,50.54
RET01090,ORD014089,2025-09-18,Not as Expected,Approved,7497.93,50,243.66
RET01091,ORD014091,2025-06-20,Size/Fit,Approved,11384.04,130,766.58
RET01092,ORD014109,2025-03-28,Size/Fit,Approved,4205.05,115,328.22
RET01093,ORD014111,2025-05-19,Damaged,Approved,278.65,130,3.32
RET01094,ORD014148,2025-09-23,Wrong Item,Approved,1355.24,65,64.51
RET01095,ORD014150,2025-10-10,Not as Expected,Approved,1145.25,60,60.72
RET01096,ORD014184,2025-07-13,Changed Mind,Approved,3715.51,155,125.08
RET01097,ORD014211,2025-06-06,Late Delivery,Approved,2193.56,130,59.8
RET01098,ORD014216,2025-07-24,Changed Mind,Approved,565.94,110,13.24
RET01099,ORD014227,2025-03-31,Changed Mind,Approved,5165.21,50,208.25
RET01100,ORD014238,2025-10-07,Changed Mind,Approved,1881.62,90,112.79
RET01101,ORD014249,2025-04-17,Damaged,Approved,8470.23,125,669.82
RET01102,ORD014264,2025-01-20,Size/Fit,Approved,7344.34,145,200.71
RET01103,ORD014300,2025-04-27,Size/Fit,Approved,12132.98,45,75.67
RET01104,ORD014308,2025-07-30,Damaged,Approved,3788.6,140,143.4
RET01105,ORD014312,2026-01-10,Late Delivery,Approved,10954.46,50,453.67
RET01106,ORD014315,2025-01-31,Not as Expected,Approved,1850.34,75,99.73
RET01107,ORD014324,2025-12-20,Changed Mind,Approved,41844.76,95,2335.96
RET01108,ORD014330,2025-08-14,Wrong Item,Approved,15689.3,80,31.29
RET01109,ORD014338,2025-06-19,Not as Expected,Approved,1949.85,85,134.92
RET01110,ORD014348,2025-08-16,Size/Fit,Approved,2271.51,70,107.65
RET01111,ORD014366,2025-01-15,Damaged,Approved,25651.75,130,1029.8
RET01112,ORD014367,2025-10-19,Late Delivery,Approved,3197.4,175,153.78
RET01113,ORD014374,2025-10-23,Damaged,Approved,44768.32,70,3075.64
RET01114,ORD014406,2026-01-09,Late Delivery,Approved,4601.87,50,285.77
RET01115,ORD014415,2025-07-22,Wrong Item,Approved,5081.08,140,278.9
RET01116,ORD014437,2025-09-21,Damaged,Approved,54298.84,165,1903.79
RET01117,ORD014443,2025-03-03,Not as Expected,Approved,5703.71,175,174.06
RET01118,ORD014451,2025-06-28,Size/Fit,Approved,3479.39,110,272.14
RET01119,ORD014475,2025-09-18,Size/Fit,Approved,4085.12,95,141.66
RET01120,ORD014481,2025-01-25,Damaged,Approved,12577.22,125,516.65
RET01121,ORD014487,2025-06-05,Changed Mind,Approved,5865.69,160,402.73
RET01122,ORD014493,2025-08-22,Damaged,Approved,14728.27,110,10.07
RET01123,ORD014507,2025-10-05,Size/Fit,Approved,5989.8,55,389.28
RET01124,ORD014525,2025-03-27,Size/Fit,Approved,2508.15,130,103.49
RET01125,ORD014527,2025-05-07,Damaged,Approved,7198.74,120,95.47
RET01126,ORD014557,2025-03-02,Not as Expected,Approved,2723.52,55,124.83
RET01127,ORD014589,2025-07-22,Changed Mind,Approved,3613.27,130,168.78
RET01128,ORD014590,2025-02-17,Not as Expected,Approved,1389.01,95,62.08
RET01129,ORD014595,2025-03-26,Changed Mind,Approved,7019.11,95,219.78
RET01130,ORD014596,2025-07-09,Size/Fit,Approved,12922.38,115,889.54
RET01131,ORD014613,2025-06-24,Not as Expected,Approved,2213.42,85,96.86
RET01132,ORD014624,2025-04-13,Damaged,Approved,2018.56,90,13.23
RET01133,ORD014626,2025-07-17,Size/Fit,Approved,2310.6,60,164.56
RET01134,ORD014630,2025-02-04,Wrong Item,Approved,3643.01,130,134.76
RET01135,ORD014640,2025-11-19,Not as Expected,Approved,12611.63,105,361.38
RET01136,ORD014673,2025-09-30,Changed Mind,Approved,1649.01,95,43.15
RET01137,ORD014689,2025-02-16,Changed Mind,Approved,2825.4,150,131.15
RET01138,ORD014751,2025-09-29,Size/Fit,Approved,2876.33,140,81.93
RET01139,ORD014756,2026-01-15,Not as Expected,Approved,3180.13,165,238.41
RET01140,ORD014762,2025-06-30,Not as Expected,Approved,2242.17,100,165.13
RET01141,ORD014778,2025-12-13,Size/Fit,Approved,5115.79,100,77.06
RET01142,ORD014811,2025-11-10,Wrong Item,Approved,1377.62,100,66.41
RET01143,ORD014847,2025-03-27,Size/Fit,Approved,10212.74,45,409.53
RET01144,ORD014857,2025-11-18,Not as Expected,Approved,2255.21,45,2.59
RET01145,ORD014879,2026-01-05,Wrong Item,Approved,771.91,80,13.53
RET01146,ORD014895,2025-03-22,Changed Mind,Approved,8861.54,125,417.21
RET01147,ORD014898,2025-11-12,Damaged,Approved,4747.97,65,255.16
RET01148,ORD014905,2025-10-28,Not as Expected,Approved,5713.8,115,69.3
RET01149,ORD014920,2025-05-18,Not as Expected,Approved,7156.86,155,542.43
RET01150,ORD014927,2025-12-14,Not as Expected,Approved,3471.96,50,191.11
RET01151,ORD014937,2025-02-06,Size/Fit,Approved,1246.09,110,34.42
RET01152,ORD014943,2025-03-14,Size/Fit,Approved,2110.92,155,41.04
RET01153,ORD014953,2025-03-30,Changed Mind,Approved,5654.98,165,196.96
RET01154,ORD014973,2025-12-03,Not as Expected,Approved,63945.74,65,2723.02
RET01155,ORD014994,2025-06-11,Late Delivery,Approved,3583.06,120,111.89
